Platform,Product Index,Brand,Title,Price,MRP,Discount,Rating,Ratings Count,Reviews Count,Product URL,Product Code,Photo,Offer Price
amazon,1,"HP","HP OmniBook 5 OLED (Previously Pavilion), Snapdragon X Processor (16GB LPDDR5x, 512GB SSD) 2K, 14''/35.6cm, Win11, M365 Basic(1yr)* Office24, Silver, 1.35kg, he0014QU, Light-Weight, Next-Gen AI Laptop",68990,83704,,,22,22,"https://www.amazon.in/HP-Previously-Snapdragon-Processor-Light-Weight/dp/B0F8P4Y7VF/ref=sr_1_1_sspa?dib=eyJ2IjoiMSJ9.cKydVAsXzEZwTyTDDJJv6jOjEeLuYdTATWClbL9piyREvgHh6j1jLpo_2PRBQJ8qs2bHJpo8eTCER1zAiDdVyGo5RtdoQ18WcXKOhjQW6aPcd6DwQn0zXQm1TKFCdptFEZWEsHl-5fdPfI_ah7_fGcetPS29WxzInnjpAlCCg2I9lyG-naZOe2kAZ7-4cE9UEd1Vs4hUx_ptoXR7XRAdGPOuer9LWmGswF2rPaA4738.DcS3zmANUS7kN4at_phlqbhyyZgDMDrOy5yogXyAkfU&dib_tag=se&keywords=laptop&qid=1756572817&sr=8-1-spons&sp_csd=d2lkZ2V0TmFtZT1zcF9hdGY&psc=1",B0F8P4Y7VF,"https://m.media-amazon.com/images/I/71fHNU8KnQL._AC_UY218_.jpg",68990
amazon,2,"Primebook","Primebook 2 Neo 2025 (New Launch) Gen 2 | 6GB RAM, 128GB UFS 2.2 Storage | MediaTek Helio G99 | Android 15 (PrimeOS 3.0) | in-Built AI | 11.6” Thin & Light | Type-C, USB, MicroSD | Gray",15490,24990,,,143,143,"https://www.amazon.in/Primebook-Storage-MediaTek-Android-PrimeOS/dp/B0FDLB7BQZ/ref=sr_1_2_sspa?dib=eyJ2IjoiMSJ9.cKydVAsXzEZwTyTDDJJv6jOjEeLuYdTATWClbL9piyREvgHh6j1jLpo_2PRBQJ8qs2bHJpo8eTCER1zAiDdVyGo5RtdoQ18WcXKOhjQW6aPcd6DwQn0zXQm1TKFCdptFEZWEsHl-5fdPfI_ah7_fGcetPS29WxzInnjpAlCCg2I9lyG-naZOe2kAZ7-4cE9UEd1Vs4hUx_ptoXR7XRAdGPOuer9LWmGswF2rPaA4738.DcS3zmANUS7kN4at_phlqbhyyZgDMDrOy5yogXyAkfU&dib_tag=se&keywords=laptop&qid=1756572817&sr=8-2-spons&sp_csd=d2lkZ2V0TmFtZT1zcF9hdGY&psc=1",B0FDLB7BQZ,"https://m.media-amazon.com/images/I/713cu-sW3TL._AC_UY218_.jpg",15490
amazon,3,"HP","HP 15, AMD Ryzen 3 7320U (8GB LPDDR5, 512GB SSD) FHD, Anti-Glare, Micro-Edge, 15.6"/39.6cm, Win 11, Office 21, Silver, 1.59kg, fc0154AU, AMD Radeon Graphics, 1080p FHD Camera Laptop",29790,48419,,,1764,1764,"https://www.amazon.in/HP-Laptop-15-6-inch-Graphics-fc0154AU/dp/B0D3HG5CMG/ref=sr_1_3?dib=eyJ2IjoiMSJ9.cKydVAsXzEZwTyTDDJJv6jOjEeLuYdTATWClbL9piyREvgHh6j1jLpo_2PRBQJ8qs2bHJpo8eTCER1zAiDdVyGo5RtdoQ18WcXKOhjQW6aPcd6DwQn0zXQm1TKFCdptFEZWEsHl-5fdPfI_ah7_fGcetPS29WxzInnjpAlCCg2I9lyG-naZOe2kAZ7-4cE9UEd1Vs4hUx_ptoXR7XRAdGPOuer9LWmGswF2rPaA4738.DcS3zmANUS7kN4at_phlqbhyyZgDMDrOy5yogXyAkfU&dib_tag=se&keywords=laptop&qid=1756572817&sr=8-3",B0D3HG5CMG,"https://m.media-amazon.com/images/I/61SHFVKs+AL._AC_UY218_.jpg",29790
amazon,4,"HP","HP 15s, 12th Gen Intel Core i3-1215U (8GB DDR4, 512GB SSD) Anti-Glare, 15.6"/39.6cm,FHD, Win 11, MS Office 21, Silver, 1.69kg, fy5006tu/fd0751tu/fd0752tu, UHD Graphics, HD Camera, Dual Speakers Laptop",32990,42359,,,1601,1601,"https://www.amazon.in/HP-i3-1215U-Anti-Glare-15-6inch-Graphics/dp/B0CJBL2QWY/ref=sr_1_4?dib=eyJ2IjoiMSJ9.cKydVAsXzEZwTyTDDJJv6jOjEeLuYdTATWClbL9piyREvgHh6j1jLpo_2PRBQJ8qs2bHJpo8eTCER1zAiDdVyGo5RtdoQ18WcXKOhjQW6aPcd6DwQn0zXQm1TKFCdptFEZWEsHl-5fdPfI_ah7_fGcetPS29WxzInnjpAlCCg2I9lyG-naZOe2kAZ7-4cE9UEd1Vs4hUx_ptoXR7XRAdGPOuer9LWmGswF2rPaA4738.DcS3zmANUS7kN4at_phlqbhyyZgDMDrOy5yogXyAkfU&dib_tag=se&keywords=laptop&qid=1756572817&sr=8-4",B0CJBL2QWY,"https://m.media-amazon.com/images/I/71+gQ9gOTuL._AC_UY218_.jpg",32990
amazon,5,"HP","HP 15, 13th Gen Intel Core i3-1315U (12GB DDR4, 512GB SSD) FHD, Anti-Glare, Micro-Edge, 15.6''/39.6cm, Win11, M365 Basic(1yr)* Office24, Silver, 1.59kg, fd0573TU, FHD Camera w/Shutter Laptop",39490,52721,,,294,294,"https://www.amazon.in/HP-i3-1315U-Anti-Glare-Micro-Edge-fd0573TU/dp/B0F4R3GFMQ/ref=sr_1_5?dib=eyJ2IjoiMSJ9.cKydVAsXzEZwTyTDDJJv6jOjEeLuYdTATWClbL9piyREvgHh6j1jLpo_2PRBQJ8qs2bHJpo8eTCER1zAiDdVyGo5RtdoQ18WcXKOhjQW6aPcd6DwQn0zXQm1TKFCdptFEZWEsHl-5fdPfI_ah7_fGcetPS29WxzInnjpAlCCg2I9lyG-naZOe2kAZ7-4cE9UEd1Vs4hUx_ptoXR7XRAdGPOuer9LWmGswF2rPaA4738.DcS3zmANUS7kN4at_phlqbhyyZgDMDrOy5yogXyAkfU&dib_tag=se&keywords=laptop&qid=1756572817&sr=8-5",B0F4R3GFMQ,"https://m.media-amazon.com/images/I/71FXHAM+jWL._AC_UY218_.jpg",39490
amazon,6,"HP","HP 15, 13th Gen Intel Core i3-1315U Laptop (8GB DDR4,512GB SSD) Anti-Glare, Micro-Edge,15.6''/39.6cm, FHD, Win11,M365 Basic(1yr),Office Home24, Silver,1.59kg, FHD Camera w/Privacy Shutter, fd0569TU",36990,50903,,,2048,2048,"https://www.amazon.in/HP-i3-1315U-Anti-Glare-Micro-Edge-fd0569TU/dp/B0F4R5W1NC/ref=sr_1_6?dib=eyJ2IjoiMSJ9.cKydVAsXzEZwTyTDDJJv6jOjEeLuYdTATWClbL9piyREvgHh6j1jLpo_2PRBQJ8qs2bHJpo8eTCER1zAiDdVyGo5RtdoQ18WcXKOhjQW6aPcd6DwQn0zXQm1TKFCdptFEZWEsHl-5fdPfI_ah7_fGcetPS29WxzInnjpAlCCg2I9lyG-naZOe2kAZ7-4cE9UEd1Vs4hUx_ptoXR7XRAdGPOuer9LWmGswF2rPaA4738.DcS3zmANUS7kN4at_phlqbhyyZgDMDrOy5yogXyAkfU&dib_tag=se&keywords=laptop&qid=1756572817&sr=8-6",B0F4R5W1NC,"https://m.media-amazon.com/images/I/71K2w4+A7UL._AC_UY218_.jpg",36990
amazon,7,"HP","HP 255 G10 Laptop AMD Athlon Silver 8GB 256GB 15",22350,30336,,,83,83,"https://www.amazon.in/HP-%E2%80%8E%E2%80%8ELaptop-Athlon-Silver-Windows/dp/B0DV984J97/ref=sr_1_7?dib=eyJ2IjoiMSJ9.cKydVAsXzEZwTyTDDJJv6jOjEeLuYdTATWClbL9piyREvgHh6j1jLpo_2PRBQJ8qs2bHJpo8eTCER1zAiDdVyGo5RtdoQ18WcXKOhjQW6aPcd6DwQn0zXQm1TKFCdptFEZWEsHl-5fdPfI_ah7_fGcetPS29WxzInnjpAlCCg2I9lyG-naZOe2kAZ7-4cE9UEd1Vs4hUx_ptoXR7XRAdGPOuer9LWmGswF2rPaA4738.DcS3zmANUS7kN4at_phlqbhyyZgDMDrOy5yogXyAkfU&dib_tag=se&keywords=laptop&qid=1756572817&sr=8-7",B0DV984J97,"https://m.media-amazon.com/images/I/71rw7cd14mL._AC_UY218_.jpg",22350
amazon,8,"Acer","Acer Aspire 3, Intel Core Celeron N4500, 8GB LPDDR4X, 512GB SSD, HD, 14"/35.56cm, Windows 11 Home, Pure Silver, 1.3KG, A324-45, HD Webcam, 38 WHR Laptop",22990,32999,,,507,507,"https://www.amazon.in/Acer-Celeron-Processor-LPDDR4X-A324-45/dp/B0D7PSTHRD/ref=sr_1_8?dib=eyJ2IjoiMSJ9.cKydVAsXzEZwTyTDDJJv6jOjEeLuYdTATWClbL9piyREvgHh6j1jLpo_2PRBQJ8qs2bHJpo8eTCER1zAiDdVyGo5RtdoQ18WcXKOhjQW6aPcd6DwQn0zXQm1TKFCdptFEZWEsHl-5fdPfI_ah7_fGcetPS29WxzInnjpAlCCg2I9lyG-naZOe2kAZ7-4cE9UEd1Vs4hUx_ptoXR7XRAdGPOuer9LWmGswF2rPaA4738.DcS3zmANUS7kN4at_phlqbhyyZgDMDrOy5yogXyAkfU&dib_tag=se&keywords=laptop&qid=1756572817&sr=8-8",B0D7PSTHRD,"https://m.media-amazon.com/images/I/61Y8j1QN5YL._AC_UY218_.jpg",22990
amazon,9,"HP","HP Pavilion, 13th Gen Intel Core i5-1335U Laptop, (16GB DDR4,1TB SSD) IPS, 15.6''/39.6cm, FHD, Win11,Office21, Fog Blue,1.74Kg, Iris Xe Graphics, Backlit, B&O, eg3017TU",66990,84350,,,,,"https://www.amazon.in/HP-Pavilion-i5-1335U-Office21-eg3017TU/dp/B0FCFRRG3F/ref=sr_1_9?dib=eyJ2IjoiMSJ9.cKydVAsXzEZwTyTDDJJv6jOjEeLuYdTATWClbL9piyREvgHh6j1jLpo_2PRBQJ8qs2bHJpo8eTCER1zAiDdVyGo5RtdoQ18WcXKOhjQW6aPcd6DwQn0zXQm1TKFCdptFEZWEsHl-5fdPfI_ah7_fGcetPS29WxzInnjpAlCCg2I9lyG-naZOe2kAZ7-4cE9UEd1Vs4hUx_ptoXR7XRAdGPOuer9LWmGswF2rPaA4738.DcS3zmANUS7kN4at_phlqbhyyZgDMDrOy5yogXyAkfU&dib_tag=se&keywords=laptop&qid=1756572817&sr=8-9",B0FCFRRG3F,"https://m.media-amazon.com/images/I/61TKqsL8ciL._AC_UY218_.jpg",66990
amazon,10,"HP","HP 15 (2025), AMD Ryzen 3 7320U Quad Core - (16 GB/512 GB SSD/AMD Radeon Graphics) Thin and Light Business Laptop/15.6" FHD Display/Turbo Silver/1.5 kg",28599,45000,,,2,2,"https://www.amazon.in/HP-15-Ryzen-7320U-Quad/dp/B0F2Y78CGC/ref=sr_1_10?dib=eyJ2IjoiMSJ9.cKydVAsXzEZwTyTDDJJv6jOjEeLuYdTATWClbL9piyREvgHh6j1jLpo_2PRBQJ8qs2bHJpo8eTCER1zAiDdVyGo5RtdoQ18WcXKOhjQW6aPcd6DwQn0zXQm1TKFCdptFEZWEsHl-5fdPfI_ah7_fGcetPS29WxzInnjpAlCCg2I9lyG-naZOe2kAZ7-4cE9UEd1Vs4hUx_ptoXR7XRAdGPOuer9LWmGswF2rPaA4738.DcS3zmANUS7kN4at_phlqbhyyZgDMDrOy5yogXyAkfU&dib_tag=se&keywords=laptop&qid=1756572817&sr=8-10",B0F2Y78CGC,"https://m.media-amazon.com/images/I/81k7qX-OvRL._AC_UY218_.jpg",28599
amazon,11,"Chuwi","Chuwi HeroBook Pro 14.1'' Intel Celeron N4020 Laptop with 8GB RAM, 256GB SSD, Windows 11, 1TB Expand, FHD IPS, Ultra Slim, USB3.0, Mini-HDMI, Webcam",17990,34990,,,3328,3328,"https://www.amazon.in/Chuwi-HeroBook-Pro-Celeron-Mini-HDMI/dp/B0D9RXH8X5/ref=sr_1_11_sspa?dib=eyJ2IjoiMSJ9.cKydVAsXzEZwTyTDDJJv6jOjEeLuYdTATWClbL9piyREvgHh6j1jLpo_2PRBQJ8qs2bHJpo8eTCER1zAiDdVyGo5RtdoQ18WcXKOhjQW6aPcd6DwQn0zXQm1TKFCdptFEZWEsHl-5fdPfI_ah7_fGcetPS29WxzInnjpAlCCg2I9lyG-naZOe2kAZ7-4cE9UEd1Vs4hUx_ptoXR7XRAdGPOuer9LWmGswF2rPaA4738.DcS3zmANUS7kN4at_phlqbhyyZgDMDrOy5yogXyAkfU&dib_tag=se&keywords=laptop&qid=1756572817&sr=8-11-spons&sp_csd=d2lkZ2V0TmFtZT1zcF9tdGY&psc=1",B0D9RXH8X5,"https://m.media-amazon.com/images/I/61JEULUT8QL._AC_UY218_.jpg",17990
amazon,12,"Lenovo","Lenovo LOQ AMD Ryzen 5 7235HS | NVIDIA RTX 3050A 4GB (12GB RAM/512GB SSD/144Hz Refresh Rate/15.6" (39.6cm)/Windows 11/Office Home 2024/3 Mon. Game Pass/Grey/2.4Kg), 83JC00HNIN AI Gaming Laptop",63190,83990,,,30,30,"https://www.amazon.in/Lenovo-7235HS-Refresh-Windows-83JC00HNIN/dp/B0F832WDMW/ref=sr_1_12_sspa?dib=eyJ2IjoiMSJ9.cKydVAsXzEZwTyTDDJJv6jOjEeLuYdTATWClbL9piyREvgHh6j1jLpo_2PRBQJ8qs2bHJpo8eTCER1zAiDdVyGo5RtdoQ18WcXKOhjQW6aPcd6DwQn0zXQm1TKFCdptFEZWEsHl-5fdPfI_ah7_fGcetPS29WxzInnjpAlCCg2I9lyG-naZOe2kAZ7-4cE9UEd1Vs4hUx_ptoXR7XRAdGPOuer9LWmGswF2rPaA4738.DcS3zmANUS7kN4at_phlqbhyyZgDMDrOy5yogXyAkfU&dib_tag=se&keywords=laptop&qid=1756572817&sr=8-12-spons&sp_csd=d2lkZ2V0TmFtZT1zcF9tdGY&psc=1",B0F832WDMW,"https://m.media-amazon.com/images/I/61aXoUYHNcL._AC_UY218_.jpg",63190
amazon,13,"Walker","Walker Best Student &Office Work Laptop|Thin & Light|14.1" 1920 * 1080 Resolution FHD IPS Display |4GB RAM,128GB SSD|Celeron Processor N4020 (Gemini Lake)| Windows 11 Home | Silver",12990,30000,,,154,154,"https://www.amazon.in/Walker-Display-Resolution-Graphics-Mini-HDMI/dp/B0CGVLLWT3/ref=sr_1_13?dib=eyJ2IjoiMSJ9.cKydVAsXzEZwTyTDDJJv6jOjEeLuYdTATWClbL9piyREvgHh6j1jLpo_2PRBQJ8qs2bHJpo8eTCER1zAiDdVyGo5RtdoQ18WcXKOhjQW6aPcd6DwQn0zXQm1TKFCdptFEZWEsHl-5fdPfI_ah7_fGcetPS29WxzInnjpAlCCg2I9lyG-naZOe2kAZ7-4cE9UEd1Vs4hUx_ptoXR7XRAdGPOuer9LWmGswF2rPaA4738.DcS3zmANUS7kN4at_phlqbhyyZgDMDrOy5yogXyAkfU&dib_tag=se&keywords=laptop&qid=1756572817&sr=8-13",B0CGVLLWT3,"https://m.media-amazon.com/images/I/61zWFTCfWeL._AC_UY218_.jpg",12990
amazon,14,"HP","HP 255 G10, AMD Ryzen 3 7320U Quad Core DOS -(8 GB/512 GB SSD/AMD Radeon Graphics) Thin and Light Business Laptop/15.6" HD Display/Turbo Silver/1.5 Kg",25506,37123,,,18,18,"https://www.amazon.in/HP-Radeon-Graphics-Business-Display/dp/B0F6TJ164J/ref=sr_1_14?dib=eyJ2IjoiMSJ9.cKydVAsXzEZwTyTDDJJv6jOjEeLuYdTATWClbL9piyREvgHh6j1jLpo_2PRBQJ8qs2bHJpo8eTCER1zAiDdVyGo5RtdoQ18WcXKOhjQW6aPcd6DwQn0zXQm1TKFCdptFEZWEsHl-5fdPfI_ah7_fGcetPS29WxzInnjpAlCCg2I9lyG-naZOe2kAZ7-4cE9UEd1Vs4hUx_ptoXR7XRAdGPOuer9LWmGswF2rPaA4738.DcS3zmANUS7kN4at_phlqbhyyZgDMDrOy5yogXyAkfU&dib_tag=se&keywords=laptop&qid=1756572817&sr=8-14",B0F6TJ164J,"https://m.media-amazon.com/images/I/71YZQa3BTEL._AC_UY218_.jpg",25506
amazon,15,"Lenovo","Lenovo V15 G4 AMD Ryzen 5 7520U 15.6 inch FHD Thin & Lite Laptop, AMD Graphics, 16GB DDR5 5500Mhz Ram, 512GB SSD NVMe, Windows 11, Dolby Audio, Arctic Grey, 1 Year Onsite Brand Warranty",34980,54900,,,170,170,"https://www.amazon.in/Lenovo-Graphics-5500Mhz-Windows-Warranty/dp/B0F29HNJL1/ref=sr_1_15?dib=eyJ2IjoiMSJ9.cKydVAsXzEZwTyTDDJJv6jOjEeLuYdTATWClbL9piyREvgHh6j1jLpo_2PRBQJ8qs2bHJpo8eTCER1zAiDdVyGo5RtdoQ18WcXKOhjQW6aPcd6DwQn0zXQm1TKFCdptFEZWEsHl-5fdPfI_ah7_fGcetPS29WxzInnjpAlCCg2I9lyG-naZOe2kAZ7-4cE9UEd1Vs4hUx_ptoXR7XRAdGPOuer9LWmGswF2rPaA4738.DcS3zmANUS7kN4at_phlqbhyyZgDMDrOy5yogXyAkfU&dib_tag=se&keywords=laptop&qid=1756572817&sr=8-15",B0F29HNJL1,"https://m.media-amazon.com/images/I/51bfKFtNSQL._AC_UY218_.jpg",34980
amazon,16,"Walker","Walker Best Student & Office Work Laptop|Thin & Light|15.6" 1920 * 1080 Resolution FHD IPS Display |8GB RAM,256 GB SSD|Intel Celeron Processor N4020 | Windows 11 Home |Silver",16990,39990,,,2,2,"https://www.amazon.in/Walker-Student-Resolution-Display-Processor/dp/B0FD7FSXTB/ref=sr_1_16?dib=eyJ2IjoiMSJ9.cKydVAsXzEZwTyTDDJJv6jOjEeLuYdTATWClbL9piyREvgHh6j1jLpo_2PRBQJ8qs2bHJpo8eTCER1zAiDdVyGo5RtdoQ18WcXKOhjQW6aPcd6DwQn0zXQm1TKFCdptFEZWEsHl-5fdPfI_ah7_fGcetPS29WxzInnjpAlCCg2I9lyG-naZOe2kAZ7-4cE9UEd1Vs4hUx_ptoXR7XRAdGPOuer9LWmGswF2rPaA4738.DcS3zmANUS7kN4at_phlqbhyyZgDMDrOy5yogXyAkfU&dib_tag=se&keywords=laptop&qid=1756572817&sr=8-16",B0FD7FSXTB,"https://m.media-amazon.com/images/I/51Xzll8QPFL._AC_UY218_.jpg",16990
amazon,17,"HP","HP 14 (2025), AMD Ryzen 5 7520U Quad Core - (8 GB/512 GB SSD/AMD Radeon Graphics/Windows 11 Pro) Thin and Light Business Laptop/14.0" HD Display/Ash Grey/1.36 kg/MS Office 2021",28930,48000,,,31,31,"https://www.amazon.in/HP-14-Ryzen-7520U-Quad/dp/B0F6V25PSC/ref=sr_1_17?dib=eyJ2IjoiMSJ9.cKydVAsXzEZwTyTDDJJv6jOjEeLuYdTATWClbL9piyREvgHh6j1jLpo_2PRBQJ8qs2bHJpo8eTCER1zAiDdVyGo5RtdoQ18WcXKOhjQW6aPcd6DwQn0zXQm1TKFCdptFEZWEsHl-5fdPfI_ah7_fGcetPS29WxzInnjpAlCCg2I9lyG-naZOe2kAZ7-4cE9UEd1Vs4hUx_ptoXR7XRAdGPOuer9LWmGswF2rPaA4738.DcS3zmANUS7kN4at_phlqbhyyZgDMDrOy5yogXyAkfU&dib_tag=se&keywords=laptop&qid=1756572817&sr=8-17",B0F6V25PSC,"https://m.media-amazon.com/images/I/71OYTmMWyLL._AC_UY218_.jpg",28930
amazon,18,"Lenovo","Lenovo V15 AMD Ryzen 7 7730U 15.6" (39.62cm) FHD 250 Nits Antiglare Thin and Light Laptop (Free MS Office) Lifetime (16GB/512GB SSD/Windows 11/Iron Grey/1.65 Kg) 1 Year Brand Warranty, 83CRA01SIN",44999,112999,,,254,254,"https://www.amazon.in/Lenovo-V15-Antiglare-Lifetime-83CRA01SIN/dp/B0DDY1HWZL/ref=sr_1_18?dib=eyJ2IjoiMSJ9.cKydVAsXzEZwTyTDDJJv6jOjEeLuYdTATWClbL9piyREvgHh6j1jLpo_2PRBQJ8qs2bHJpo8eTCER1zAiDdVyGo5RtdoQ18WcXKOhjQW6aPcd6DwQn0zXQm1TKFCdptFEZWEsHl-5fdPfI_ah7_fGcetPS29WxzInnjpAlCCg2I9lyG-naZOe2kAZ7-4cE9UEd1Vs4hUx_ptoXR7XRAdGPOuer9LWmGswF2rPaA4738.DcS3zmANUS7kN4at_phlqbhyyZgDMDrOy5yogXyAkfU&dib_tag=se&keywords=laptop&qid=1756572817&sr=8-18",B0DDY1HWZL,"https://m.media-amazon.com/images/I/710hhin8IyL._AC_UY218_.jpg",44999
amazon,19,"HP","HP Victus Gaming Laptop, AMD Ryzen 5 5600H, AMD 4GB Radeon RX 6500M Graphics, 15.6-inch (39.6 cm), FHD, IPS, 8GB DDR4, 512GB SSD, Backlit KB, B&O (Win 11, Blue, 2.29 kg), fb0147AX, fb0184ax",47890,63629,,,64,64,"https://www.amazon.in/HP-Graphics-15-6-inch-Backlit-fb0147AX/dp/B0C946F286/ref=sr_1_19?dib=eyJ2IjoiMSJ9.cKydVAsXzEZwTyTDDJJv6jOjEeLuYdTATWClbL9piyREvgHh6j1jLpo_2PRBQJ8qs2bHJpo8eTCER1zAiDdVyGo5RtdoQ18WcXKOhjQW6aPcd6DwQn0zXQm1TKFCdptFEZWEsHl-5fdPfI_ah7_fGcetPS29WxzInnjpAlCCg2I9lyG-naZOe2kAZ7-4cE9UEd1Vs4hUx_ptoXR7XRAdGPOuer9LWmGswF2rPaA4738.DcS3zmANUS7kN4at_phlqbhyyZgDMDrOy5yogXyAkfU&dib_tag=se&keywords=laptop&qid=1756572817&sr=8-19",B0C946F286,"https://m.media-amazon.com/images/I/71hC42cKbsL._AC_UY218_.jpg",47890
amazon,20,"HP","HP 15, 13th Gen Intel Core i5-1335U Laptop (16GB DDR4,512GB SSD) Anti-Glare, Micro-edge,15.6''/39.6cm, FHD, Win11,M365,Office24, Silver,1.59kg, Iris Xe Graphics, FHD Camera w/privacy shutter, fd0577TU",53990,72111,,,130,130,"https://www.amazon.in/HP-i5-1335U-Anti-Glare-Micro-edge-fd0577TU/dp/B0F4R6H3NB/ref=sr_1_20?dib=eyJ2IjoiMSJ9.cKydVAsXzEZwTyTDDJJv6jOjEeLuYdTATWClbL9piyREvgHh6j1jLpo_2PRBQJ8qs2bHJpo8eTCER1zAiDdVyGo5RtdoQ18WcXKOhjQW6aPcd6DwQn0zXQm1TKFCdptFEZWEsHl-5fdPfI_ah7_fGcetPS29WxzInnjpAlCCg2I9lyG-naZOe2kAZ7-4cE9UEd1Vs4hUx_ptoXR7XRAdGPOuer9LWmGswF2rPaA4738.DcS3zmANUS7kN4at_phlqbhyyZgDMDrOy5yogXyAkfU&dib_tag=se&keywords=laptop&qid=1756572817&sr=8-20",B0F4R6H3NB,"https://m.media-amazon.com/images/I/71bagLp2sXL._AC_UY218_.jpg",53990
amazon,21,"Thinkpad","Thinkpad L480 L490 Business Laptop, IntelCore i5 8th Generation 14-inch Display, Black, 8GB Ram, 256GB SSD, Win 11 OS",21990,89990,,,2,2,"https://www.amazon.in/Thinkpad-L490-Business-IntelCore-Generation/dp/B0FF66R9LQ/ref=sr_1_21_sspa?dib=eyJ2IjoiMSJ9.cKydVAsXzEZwTyTDDJJv6jOjEeLuYdTATWClbL9piyREvgHh6j1jLpo_2PRBQJ8qs2bHJpo8eTCER1zAiDdVyGo5RtdoQ18WcXKOhjQW6aPcd6DwQn0zXQm1TKFCdptFEZWEsHl-5fdPfI_ah7_fGcetPS29WxzInnjpAlCCg2I9lyG-naZOe2kAZ7-4cE9UEd1Vs4hUx_ptoXR7XRAdGPOuer9LWmGswF2rPaA4738.DcS3zmANUS7kN4at_phlqbhyyZgDMDrOy5yogXyAkfU&dib_tag=se&keywords=laptop&qid=1756572817&sr=8-21-spons&sp_csd=d2lkZ2V0TmFtZT1zcF9idGY&psc=1",B0FF66R9LQ,"https://m.media-amazon.com/images/I/51zc6Gub6oL._AC_UY218_.jpg",21990
amazon,22,"Lenovo","Lenovo IdeaPad 1 AMD Ryzen 5 7520U 15.6" HD Thin and Light Laptop (8 GB/512GB SDD/Windows 11 Home/1Yr Warranty/Cloud Grey/1.58Kg), 82VG00ESIN",34950,67690,,,17,17,"https://www.amazon.in/Lenovo-IdeaPad-Windows-Warranty-82VG00ESIN/dp/B0CJVGKM7D/ref=sr_1_22_sspa?dib=eyJ2IjoiMSJ9.cKydVAsXzEZwTyTDDJJv6jOjEeLuYdTATWClbL9piyREvgHh6j1jLpo_2PRBQJ8qs2bHJpo8eTCER1zAiDdVyGo5RtdoQ18WcXKOhjQW6aPcd6DwQn0zXQm1TKFCdptFEZWEsHl-5fdPfI_ah7_fGcetPS29WxzInnjpAlCCg2I9lyG-naZOe2kAZ7-4cE9UEd1Vs4hUx_ptoXR7XRAdGPOuer9LWmGswF2rPaA4738.DcS3zmANUS7kN4at_phlqbhyyZgDMDrOy5yogXyAkfU&dib_tag=se&keywords=laptop&qid=1756572817&sr=8-22-spons&sp_csd=d2lkZ2V0TmFtZT1zcF9idGY&psc=1",B0CJVGKM7D,"https://m.media-amazon.com/images/I/71lp7jyyjbL._AC_UY218_.jpg",34950
amazon,23,"HP","HP OmniBook 5 OLED (Previously Pavilion), Snapdragon X Processor (16GB LPDDR5x, 512GB SSD) 2K, 14''/35.6cm, Win11, M365 Basic(1yr)* Office24, Silver, 1.35kg, he0014QU, Light-Weight, Next-Gen AI Laptop",68990,83704,,,22,22,"https://www.amazon.in/HP-Previously-Snapdragon-Processor-Light-Weight/dp/B0F8P4Y7VF/ref=sr_1_17_sspa?dib=eyJ2IjoiMSJ9.Fmbia-PO-E0nPJoMI8FsuEKQrh_taps83BQ8NsZUMNz4zTh1btyxkWbnRKR2zID6rZ6-LZJFpPQLYxKVfIAVu17BNsli592DoTwEyIzVCgoFX15IsYEQJiVK-6P3hNRMFl2vCM-pdmRZWtXnFAOoV-NRvPNZqWXjSHSTxuOuHb0CW6NbkQuBkUYMbvBQ55mXRB9bGsKZ1sfSbP6BfN19xtbCV_PnRAKVOhhbuPTtM6k.2y6HfJSmGTZu0K3iiIlIimc1P2QOLWnR1hj_W5hYLy0&dib_tag=se&keywords=laptop&qid=1756572885&sr=8-17-spons&xpid=QhPYU26QgCwxH&sp_csd=d2lkZ2V0TmFtZT1zcF9hdGZfbmV4dA&psc=1",B0F8P4Y7VF,"https://m.media-amazon.com/images/I/71fHNU8KnQL._AC_UY218_.jpg",68990
amazon,24,"HP","HP Chromebook x360 13B Mediatek Kompanio 1200 13.3Inch(33.8Cm) FHD Touch Covertible Laptop Chrome OS (8GB Ram/256 GB SSD/B&O/7Mediatek Integrated ARM Mali Graphics/Backlit Kb/Chrome 64) 13B-Ca0006Mu",43500,47267,,,5,5,"https://www.amazon.in/HP-Chromebook-Covertible-Integrated-13b-ca0006MU/dp/B0BYT3QCGC/ref=sr_1_18_sspa?dib=eyJ2IjoiMSJ9.Fmbia-PO-E0nPJoMI8FsuEKQrh_taps83BQ8NsZUMNz4zTh1btyxkWbnRKR2zID6rZ6-LZJFpPQLYxKVfIAVu17BNsli592DoTwEyIzVCgoFX15IsYEQJiVK-6P3hNRMFl2vCM-pdmRZWtXnFAOoV-NRvPNZqWXjSHSTxuOuHb0CW6NbkQuBkUYMbvBQ55mXRB9bGsKZ1sfSbP6BfN19xtbCV_PnRAKVOhhbuPTtM6k.2y6HfJSmGTZu0K3iiIlIimc1P2QOLWnR1hj_W5hYLy0&dib_tag=se&keywords=laptop&qid=1756572885&sr=8-18-spons&xpid=QhPYU26QgCwxH&sp_csd=d2lkZ2V0TmFtZT1zcF9hdGZfbmV4dA&psc=1",B0BYT3QCGC,"https://m.media-amazon.com/images/I/71PaJaD+gDL._AC_UY218_.jpg",43500
amazon,25,"Lenovo","Lenovo V15 G4 AMD Ryzen 5 7520U DOS 15.6 inch FHD Thin & Lite Laptop, AMD Graphics, 16GB DDR5 5500Mhz Ram, 512GB SSD,Dolby Audio,Premium Grey, 1 Year Onsite Brand Warranty",34900,60300,,,170,170,"https://www.amazon.in/Lenovo-Graphics-5500Mhz-Premium-Warranty/dp/B0F7HRM9JX/ref=sr_1_19?dib=eyJ2IjoiMSJ9.Fmbia-PO-E0nPJoMI8FsuEKQrh_taps83BQ8NsZUMNz4zTh1btyxkWbnRKR2zID6rZ6-LZJFpPQLYxKVfIAVu17BNsli592DoTwEyIzVCgoFX15IsYEQJiVK-6P3hNRMFl2vCM-pdmRZWtXnFAOoV-NRvPNZqWXjSHSTxuOuHb0CW6NbkQuBkUYMbvBQ55mXRB9bGsKZ1sfSbP6BfN19xtbCV_PnRAKVOhhbuPTtM6k.2y6HfJSmGTZu0K3iiIlIimc1P2QOLWnR1hj_W5hYLy0&dib_tag=se&keywords=laptop&qid=1756572885&sr=8-19&xpid=QhPYU26QgCwxH",B0F7HRM9JX,"https://m.media-amazon.com/images/I/51JfEzZcfZL._AC_UY218_.jpg",34900
amazon,26,"HP","HP 14, 13th Gen Intel Core i3-1315U Laptop (8GB DDR4,512GB SSD) Anti-Glare, Micro-Edge, 14/35.6cm, FHD, Win11, M365 Basic(1yr),Office Home24, Silver,1.4kg, FHD Camera w/Privacy Shutter, ep0341TU",36990,50843,,,308,308,"https://www.amazon.in/HP-i3-1315U-Anti-Glare-Micro-Edge-ep0341TU/dp/B0F9WNRWYS/ref=sr_1_20?dib=eyJ2IjoiMSJ9.Fmbia-PO-E0nPJoMI8FsuEKQrh_taps83BQ8NsZUMNz4zTh1btyxkWbnRKR2zID6rZ6-LZJFpPQLYxKVfIAVu17BNsli592DoTwEyIzVCgoFX15IsYEQJiVK-6P3hNRMFl2vCM-pdmRZWtXnFAOoV-NRvPNZqWXjSHSTxuOuHb0CW6NbkQuBkUYMbvBQ55mXRB9bGsKZ1sfSbP6BfN19xtbCV_PnRAKVOhhbuPTtM6k.2y6HfJSmGTZu0K3iiIlIimc1P2QOLWnR1hj_W5hYLy0&dib_tag=se&keywords=laptop&qid=1756572885&sr=8-20&xpid=QhPYU26QgCwxH",B0F9WNRWYS,"https://m.media-amazon.com/images/I/71wXgNowzAL._AC_UY218_.jpg",36990
amazon,27,"Dell","Dell Inspiron 3535, AMD Ryzen 5-7530U, 16 GB RAM, 512 GB SSD, FHD IPS 15.6"/39.62 cm, 120Hz, Windows 11, MS Office 2024, Platinum Silver, 1.67 kg, Thin & Light Laptop",42840,48322,,,51,51,"https://www.amazon.in/Dell-Inspiron-5-7530U-Windows-Platinum/dp/B0DSFRQTGB/ref=sr_1_21?dib=eyJ2IjoiMSJ9.Fmbia-PO-E0nPJoMI8FsuEKQrh_taps83BQ8NsZUMNz4zTh1btyxkWbnRKR2zID6rZ6-LZJFpPQLYxKVfIAVu17BNsli592DoTwEyIzVCgoFX15IsYEQJiVK-6P3hNRMFl2vCM-pdmRZWtXnFAOoV-NRvPNZqWXjSHSTxuOuHb0CW6NbkQuBkUYMbvBQ55mXRB9bGsKZ1sfSbP6BfN19xtbCV_PnRAKVOhhbuPTtM6k.2y6HfJSmGTZu0K3iiIlIimc1P2QOLWnR1hj_W5hYLy0&dib_tag=se&keywords=laptop&qid=1756572885&sr=8-21&xpid=QhPYU26QgCwxH",B0DSFRQTGB,"https://m.media-amazon.com/images/I/71paHjIJVeL._AC_UY218_.jpg",42840
amazon,28,"HP","HP Victus Gaming Laptop, AMD Ryzen 5 5600H, AMD 4GB Radeon RX 6500M Graphics, 15.6-inch (39.6 cm), FHD, IPS, 8GB DDR4, 512GB SSD, Backlit KB, B&O (Win 11, Blue, 2.29 kg), fb0147AX, fb0184ax",47890,63629,,,64,64,"https://www.amazon.in/HP-Graphics-15-6-inch-Backlit-fb0147AX/dp/B0C946F286/ref=sr_1_22?dib=eyJ2IjoiMSJ9.Fmbia-PO-E0nPJoMI8FsuEKQrh_taps83BQ8NsZUMNz4zTh1btyxkWbnRKR2zID6rZ6-LZJFpPQLYxKVfIAVu17BNsli592DoTwEyIzVCgoFX15IsYEQJiVK-6P3hNRMFl2vCM-pdmRZWtXnFAOoV-NRvPNZqWXjSHSTxuOuHb0CW6NbkQuBkUYMbvBQ55mXRB9bGsKZ1sfSbP6BfN19xtbCV_PnRAKVOhhbuPTtM6k.2y6HfJSmGTZu0K3iiIlIimc1P2QOLWnR1hj_W5hYLy0&dib_tag=se&keywords=laptop&qid=1756572885&sr=8-22&xpid=QhPYU26QgCwxH",B0C946F286,"https://m.media-amazon.com/images/I/71hC42cKbsL._AC_UY218_.jpg",47890
amazon,29,"Acer","Acer Aspire Lite, AMD Ryzen 3 5300U Processor, 16 GB RAM, 512GB SSD, Full HD, 15.6"/39.62cm, Windows 11 Home, Steel Gray, 1.59KG, AL15-41, Metal Body, Premium Thin and Light Laptop",30450,46990,,,1476,1476,"https://www.amazon.in/Acer-Premium-Windows-AL15-41-Display/dp/B0CWTYGPH8/ref=sr_1_23?dib=eyJ2IjoiMSJ9.Fmbia-PO-E0nPJoMI8FsuEKQrh_taps83BQ8NsZUMNz4zTh1btyxkWbnRKR2zID6rZ6-LZJFpPQLYxKVfIAVu17BNsli592DoTwEyIzVCgoFX15IsYEQJiVK-6P3hNRMFl2vCM-pdmRZWtXnFAOoV-NRvPNZqWXjSHSTxuOuHb0CW6NbkQuBkUYMbvBQ55mXRB9bGsKZ1sfSbP6BfN19xtbCV_PnRAKVOhhbuPTtM6k.2y6HfJSmGTZu0K3iiIlIimc1P2QOLWnR1hj_W5hYLy0&dib_tag=se&keywords=laptop&qid=1756572885&sr=8-23&xpid=QhPYU26QgCwxH",B0CWTYGPH8,"https://m.media-amazon.com/images/I/513p8BwV-RL._AC_UY218_.jpg",30450
amazon,30,"HP","HP 15, 13th Gen Intel Core i5-1335U Laptop (16GB DDR4,512GB SSD) Anti-Glare, Micro-edge,15.6''/39.6cm, FHD, Win11,M365,Office24, Silver,1.59kg, Iris Xe Graphics, FHD Camera w/privacy shutter, fd0577TU",53990,72111,,,130,130,"https://www.amazon.in/HP-i5-1335U-Anti-Glare-Micro-edge-fd0577TU/dp/B0F4R6H3NB/ref=sr_1_24?dib=eyJ2IjoiMSJ9.Fmbia-PO-E0nPJoMI8FsuEKQrh_taps83BQ8NsZUMNz4zTh1btyxkWbnRKR2zID6rZ6-LZJFpPQLYxKVfIAVu17BNsli592DoTwEyIzVCgoFX15IsYEQJiVK-6P3hNRMFl2vCM-pdmRZWtXnFAOoV-NRvPNZqWXjSHSTxuOuHb0CW6NbkQuBkUYMbvBQ55mXRB9bGsKZ1sfSbP6BfN19xtbCV_PnRAKVOhhbuPTtM6k.2y6HfJSmGTZu0K3iiIlIimc1P2QOLWnR1hj_W5hYLy0&dib_tag=se&keywords=laptop&qid=1756572885&sr=8-24&xpid=QhPYU26QgCwxH",B0F4R6H3NB,"https://m.media-amazon.com/images/I/71bagLp2sXL._AC_UY218_.jpg",53990
amazon,31,"Acer","Acer [SmartChoice Aspire 3 Laptop Intel Core Celeron N4500 Processor Laptop (8 GB LPDDR4X SDRAM/512 GB SSD/Win11 Home/38 WHR/HD Webcam) A325-45 with 39.63 cm (15.6") HD Display, Pure Silver, 1.5 KG",23990,33999,,,507,507,"https://www.amazon.in/Acer-Celeron-Processor-LPDDR4X-A325-45/dp/B0D7PYTTGH/ref=sr_1_25?dib=eyJ2IjoiMSJ9.Fmbia-PO-E0nPJoMI8FsuEKQrh_taps83BQ8NsZUMNz4zTh1btyxkWbnRKR2zID6rZ6-LZJFpPQLYxKVfIAVu17BNsli592DoTwEyIzVCgoFX15IsYEQJiVK-6P3hNRMFl2vCM-pdmRZWtXnFAOoV-NRvPNZqWXjSHSTxuOuHb0CW6NbkQuBkUYMbvBQ55mXRB9bGsKZ1sfSbP6BfN19xtbCV_PnRAKVOhhbuPTtM6k.2y6HfJSmGTZu0K3iiIlIimc1P2QOLWnR1hj_W5hYLy0&dib_tag=se&keywords=laptop&qid=1756572885&sr=8-25&xpid=QhPYU26QgCwxH",B0D7PYTTGH,"https://m.media-amazon.com/images/I/71TpwcAN1PL._AC_UY218_.jpg",23990
amazon,32,"HP","HP 15, Intel Ci7-13620H 13th Gen Laptop (16GB DDR4, 512GB SSD) Anti-Glare, Micro-Edge, 15.6''/39.6cm, FHD, Win11, M365 Basic(1yr), Office Home24, Silver,1.65kg, FHD Camera W P. Shutter, Backlit",65990,77507,,,2048,2048,"https://www.amazon.in/HP-Ci7-13620H-Anti-Glare-Micro-Edge-Shutter/dp/B0FJ26H614/ref=sr_1_26?dib=eyJ2IjoiMSJ9.Fmbia-PO-E0nPJoMI8FsuEKQrh_taps83BQ8NsZUMNz4zTh1btyxkWbnRKR2zID6rZ6-LZJFpPQLYxKVfIAVu17BNsli592DoTwEyIzVCgoFX15IsYEQJiVK-6P3hNRMFl2vCM-pdmRZWtXnFAOoV-NRvPNZqWXjSHSTxuOuHb0CW6NbkQuBkUYMbvBQ55mXRB9bGsKZ1sfSbP6BfN19xtbCV_PnRAKVOhhbuPTtM6k.2y6HfJSmGTZu0K3iiIlIimc1P2QOLWnR1hj_W5hYLy0&dib_tag=se&keywords=laptop&qid=1756572885&sr=8-26&xpid=QhPYU26QgCwxH",B0FJ26H614,"https://m.media-amazon.com/images/I/61ORfm9npjL._AC_UY218_.jpg",65990
amazon,33,"Lenovo","Lenovo Smartchoice Yoga Slim 7 Intel Core Ultra 5 125H Built-in AI 14"(35.5cm) WUXGA-OLED 400Nits Laptop (16GB/512GB SSD/60Hz/100% DCI-P3/Win11/MSO 21/1Yr ADP Free/Alexa/Grey/1.39Kg), 83CV003MIN",79490,125890,,,47,47,"https://www.amazon.in/Lenovo-Built-WUXGA-OLED-400Nits-83CV003MIN/dp/B0D9VLF328/ref=sr_1_27_sspa?dib=eyJ2IjoiMSJ9.Fmbia-PO-E0nPJoMI8FsuEKQrh_taps83BQ8NsZUMNz4zTh1btyxkWbnRKR2zID6rZ6-LZJFpPQLYxKVfIAVu17BNsli592DoTwEyIzVCgoFX15IsYEQJiVK-6P3hNRMFl2vCM-pdmRZWtXnFAOoV-NRvPNZqWXjSHSTxuOuHb0CW6NbkQuBkUYMbvBQ55mXRB9bGsKZ1sfSbP6BfN19xtbCV_PnRAKVOhhbuPTtM6k.2y6HfJSmGTZu0K3iiIlIimc1P2QOLWnR1hj_W5hYLy0&dib_tag=se&keywords=laptop&qid=1756572885&sr=8-27-spons&xpid=QhPYU26QgCwxH&sp_csd=d2lkZ2V0TmFtZT1zcF9tdGY&psc=1",B0D9VLF328,"https://m.media-amazon.com/images/I/71pxTqUJOhL._AC_UY218_.jpg",79490
amazon,34,"Lenovo","Lenovo Smartchoice Ideapad Slim 3 13Th Gen Intel Core I7-13620H 15.3 Inch(38.8Cm) WUXGA IPS Laptop(16GB RAM/512GB SSD/Windows 11/Office Home 2024/Backlit Keyboard/1Yr ADP Free/Grey/1.6Kg),83K100CJIN",66190,89390,,,130,130,"https://www.amazon.in/Lenovo-Smartchoice-I7-13620H-Keyboard-83K100CJIN/dp/B0F2162VGQ/ref=sr_1_28_sspa?dib=eyJ2IjoiMSJ9.Fmbia-PO-E0nPJoMI8FsuEKQrh_taps83BQ8NsZUMNz4zTh1btyxkWbnRKR2zID6rZ6-LZJFpPQLYxKVfIAVu17BNsli592DoTwEyIzVCgoFX15IsYEQJiVK-6P3hNRMFl2vCM-pdmRZWtXnFAOoV-NRvPNZqWXjSHSTxuOuHb0CW6NbkQuBkUYMbvBQ55mXRB9bGsKZ1sfSbP6BfN19xtbCV_PnRAKVOhhbuPTtM6k.2y6HfJSmGTZu0K3iiIlIimc1P2QOLWnR1hj_W5hYLy0&dib_tag=se&keywords=laptop&qid=1756572885&sr=8-28-spons&xpid=QhPYU26QgCwxH&sp_csd=d2lkZ2V0TmFtZT1zcF9tdGY&psc=1",B0F2162VGQ,"https://m.media-amazon.com/images/I/71HMPbAf-iL._AC_UY218_.jpg",66190
amazon,35,"HP","HP 255 G10, AMD Ryzen 3 7320U Quad Core DOS -(8 GB/512 GB SSD/AMD Radeon Graphics) Thin and Light Business Laptop/15.6" HD Display/Turbo Silver/1.5 Kg",25506,37123,,,18,18,"https://www.amazon.in/HP-Radeon-Graphics-Business-Display/dp/B0F6TJ164J/ref=sr_1_29?dib=eyJ2IjoiMSJ9.Fmbia-PO-E0nPJoMI8FsuEKQrh_taps83BQ8NsZUMNz4zTh1btyxkWbnRKR2zID6rZ6-LZJFpPQLYxKVfIAVu17BNsli592DoTwEyIzVCgoFX15IsYEQJiVK-6P3hNRMFl2vCM-pdmRZWtXnFAOoV-NRvPNZqWXjSHSTxuOuHb0CW6NbkQuBkUYMbvBQ55mXRB9bGsKZ1sfSbP6BfN19xtbCV_PnRAKVOhhbuPTtM6k.2y6HfJSmGTZu0K3iiIlIimc1P2QOLWnR1hj_W5hYLy0&dib_tag=se&keywords=laptop&qid=1756572885&sr=8-29&xpid=QhPYU26QgCwxH",B0F6TJ164J,"https://m.media-amazon.com/images/I/71YZQa3BTEL._AC_UY218_.jpg",25506
amazon,36,"ULTIMUS","ULTIMUS APEX Laptop Intel Celeron Dual Core 8 GB LPDDR4 512 GB SSD Expandable~1TB 14.1 FHD IPS Laptop Anti-Glare Ultra Thin Bezel 180° Hinge 3.0x3 USB HDMI SD Card Slot Win 11 Home 1.25KG Silver",17990,39990,,,41,41,"https://www.amazon.in/ULTIMUS-Laptop-Celeron-Expandable-1TB-Anti-Glare/dp/B0F5WTFC3D/ref=sr_1_30?dib=eyJ2IjoiMSJ9.Fmbia-PO-E0nPJoMI8FsuEKQrh_taps83BQ8NsZUMNz4zTh1btyxkWbnRKR2zID6rZ6-LZJFpPQLYxKVfIAVu17BNsli592DoTwEyIzVCgoFX15IsYEQJiVK-6P3hNRMFl2vCM-pdmRZWtXnFAOoV-NRvPNZqWXjSHSTxuOuHb0CW6NbkQuBkUYMbvBQ55mXRB9bGsKZ1sfSbP6BfN19xtbCV_PnRAKVOhhbuPTtM6k.2y6HfJSmGTZu0K3iiIlIimc1P2QOLWnR1hj_W5hYLy0&dib_tag=se&keywords=laptop&qid=1756572885&sr=8-30&xpid=QhPYU26QgCwxH",B0F5WTFC3D,"https://m.media-amazon.com/images/I/713QmwFZbsL._AC_UY218_.jpg",17990
amazon,37,"Acer","Acer [SmartChoice Aspire Lite AMD Ryzen 5-5625U Processor, 16 GB/512 GB, Full HD, 15.6"/39.62 cm, Windows 11 Home, Steel Gray, 1.59 kg, AL15-41, Metal Body, Thin and Light Laptop",34490,58999,,,1476,1476,"https://www.amazon.in/5-5625U-Premium-Windows-AL15-41-Display/dp/B0DG2GCTD7/ref=sr_1_31?dib=eyJ2IjoiMSJ9.Fmbia-PO-E0nPJoMI8FsuEKQrh_taps83BQ8NsZUMNz4zTh1btyxkWbnRKR2zID6rZ6-LZJFpPQLYxKVfIAVu17BNsli592DoTwEyIzVCgoFX15IsYEQJiVK-6P3hNRMFl2vCM-pdmRZWtXnFAOoV-NRvPNZqWXjSHSTxuOuHb0CW6NbkQuBkUYMbvBQ55mXRB9bGsKZ1sfSbP6BfN19xtbCV_PnRAKVOhhbuPTtM6k.2y6HfJSmGTZu0K3iiIlIimc1P2QOLWnR1hj_W5hYLy0&dib_tag=se&keywords=laptop&qid=1756572885&sr=8-31&xpid=QhPYU26QgCwxH",B0DG2GCTD7,"https://m.media-amazon.com/images/I/61k0gpxQwCL._AC_UY218_.jpg",34490
amazon,38,"Primebook","Primebook 2 Neo 2025 (New Launch) Gen 2 | 6GB RAM, 128GB UFS 2.2 Storage | MediaTek Helio G99 | Android 15 (PrimeOS 3.0) | in-Built AI | 11.6” Thin & Light | Type-C, USB, MicroSD | Gray",15490,24990,,,143,143,"https://www.amazon.in/Primebook-Storage-MediaTek-Android-PrimeOS/dp/B0FDLB7BQZ/ref=sr_1_32?dib=eyJ2IjoiMSJ9.Fmbia-PO-E0nPJoMI8FsuEKQrh_taps83BQ8NsZUMNz4zTh1btyxkWbnRKR2zID6rZ6-LZJFpPQLYxKVfIAVu17BNsli592DoTwEyIzVCgoFX15IsYEQJiVK-6P3hNRMFl2vCM-pdmRZWtXnFAOoV-NRvPNZqWXjSHSTxuOuHb0CW6NbkQuBkUYMbvBQ55mXRB9bGsKZ1sfSbP6BfN19xtbCV_PnRAKVOhhbuPTtM6k.2y6HfJSmGTZu0K3iiIlIimc1P2QOLWnR1hj_W5hYLy0&dib_tag=se&keywords=laptop&qid=1756572885&sr=8-32&xpid=QhPYU26QgCwxH",B0FDLB7BQZ,"https://m.media-amazon.com/images/I/713cu-sW3TL._AC_UY218_.jpg",15490
amazon,39,"HP","HP 15, 13th Gen Intel Core i5-1334U Laptop (16GB DDR4, 512GB SSD) Anti-Glare, 15.6"/39.6cm, FHD, Win 11, MS Office 21, Silver, 1.59kg, Intel Iris Xe Graphics, 1080p FHD Camera, Backlit KB, fd0221TU",53100,80000,,,224,224,"https://www.amazon.in/HP-i5-1334U-Anti-Glare-15-6-inch-Laptop/dp/B0CTKHG3F6/ref=sr_1_33?dib=eyJ2IjoiMSJ9.Fmbia-PO-E0nPJoMI8FsuEKQrh_taps83BQ8NsZUMNz4zTh1btyxkWbnRKR2zID6rZ6-LZJFpPQLYxKVfIAVu17BNsli592DoTwEyIzVCgoFX15IsYEQJiVK-6P3hNRMFl2vCM-pdmRZWtXnFAOoV-NRvPNZqWXjSHSTxuOuHb0CW6NbkQuBkUYMbvBQ55mXRB9bGsKZ1sfSbP6BfN19xtbCV_PnRAKVOhhbuPTtM6k.2y6HfJSmGTZu0K3iiIlIimc1P2QOLWnR1hj_W5hYLy0&dib_tag=se&keywords=laptop&qid=1756572885&sr=8-33&xpid=QhPYU26QgCwxH",B0CTKHG3F6,"https://m.media-amazon.com/images/I/71Zi-z2FtCL._AC_UY218_.jpg",53100
amazon,40,"ASUS","ASUS Vivobook Go 14, AMD Ryzen 5 7520U,Thin & Light Laptop (AMD Radeon iGPU/16GB RAM/512GB SSD/FHD/14/60Hz/42WHrs/Windows 11/M365 Basic (1Year)*/Office Home 2024/Mixed Black/1.38 kg) E1404FA-NK5542WS",39990,52990,,,53,53,"https://www.amazon.in/ASUS-Vivobook-Laptop-Windows-E1404FA-NK5542WS/dp/B0DTY1C216/ref=sr_1_34?dib=eyJ2IjoiMSJ9.Fmbia-PO-E0nPJoMI8FsuEKQrh_taps83BQ8NsZUMNz4zTh1btyxkWbnRKR2zID6rZ6-LZJFpPQLYxKVfIAVu17BNsli592DoTwEyIzVCgoFX15IsYEQJiVK-6P3hNRMFl2vCM-pdmRZWtXnFAOoV-NRvPNZqWXjSHSTxuOuHb0CW6NbkQuBkUYMbvBQ55mXRB9bGsKZ1sfSbP6BfN19xtbCV_PnRAKVOhhbuPTtM6k.2y6HfJSmGTZu0K3iiIlIimc1P2QOLWnR1hj_W5hYLy0&dib_tag=se&keywords=laptop&qid=1756572885&sr=8-34&xpid=QhPYU26QgCwxH",B0DTY1C216,"https://m.media-amazon.com/images/I/71Svo3YjmHL._AC_UY218_.jpg",39990
amazon,41,"Lenovo","Lenovo V15 Intel Celeron N4500 15.6" (39.62 cm) FHD (1920x1080) Antiglare 250 Nits Thin and Light Laptop (8GB RAM/256GB SSD/Windows 11 Home/Black/1Y Onsite/1.7 kg), 82QYA00MIN",22880,39250,,,582,582,"https://www.amazon.in/Lenovo-Celeron-1920x1080-Antiglare-82QYA00MIN/dp/B0C28FKJXG/ref=sr_1_35?dib=eyJ2IjoiMSJ9.Fmbia-PO-E0nPJoMI8FsuEKQrh_taps83BQ8NsZUMNz4zTh1btyxkWbnRKR2zID6rZ6-LZJFpPQLYxKVfIAVu17BNsli592DoTwEyIzVCgoFX15IsYEQJiVK-6P3hNRMFl2vCM-pdmRZWtXnFAOoV-NRvPNZqWXjSHSTxuOuHb0CW6NbkQuBkUYMbvBQ55mXRB9bGsKZ1sfSbP6BfN19xtbCV_PnRAKVOhhbuPTtM6k.2y6HfJSmGTZu0K3iiIlIimc1P2QOLWnR1hj_W5hYLy0&dib_tag=se&keywords=laptop&qid=1756572885&sr=8-35&xpid=QhPYU26QgCwxH",B0C28FKJXG,"https://m.media-amazon.com/images/I/516btukUorL._AC_UY218_.jpg",22880
amazon,42,"HP","HP Chromebook (2024) MediaTek MT8183 - (4 GB/32 GB EMMC Storage/Chrome OS) 11MK G9 EE Chromebook (11.6 Inch, Black, 1.34 Kg)",11700,34554,,,17,17,"https://www.amazon.in/HP-Chromebook-MediaTek-MT8183-Storage/dp/B0DBLRLL9B/ref=sr_1_36?dib=eyJ2IjoiMSJ9.Fmbia-PO-E0nPJoMI8FsuEKQrh_taps83BQ8NsZUMNz4zTh1btyxkWbnRKR2zID6rZ6-LZJFpPQLYxKVfIAVu17BNsli592DoTwEyIzVCgoFX15IsYEQJiVK-6P3hNRMFl2vCM-pdmRZWtXnFAOoV-NRvPNZqWXjSHSTxuOuHb0CW6NbkQuBkUYMbvBQ55mXRB9bGsKZ1sfSbP6BfN19xtbCV_PnRAKVOhhbuPTtM6k.2y6HfJSmGTZu0K3iiIlIimc1P2QOLWnR1hj_W5hYLy0&dib_tag=se&keywords=laptop&qid=1756572885&sr=8-36&xpid=QhPYU26QgCwxH",B0DBLRLL9B,"https://m.media-amazon.com/images/I/51xNjjyj1mL._AC_UY218_.jpg",11700
amazon,43,"Lenovo","Lenovo ThinkBook 16 Ryzen 5 16" WUXGA IPS Antiglare 300 Nits Thin and Light Laptop (8GB RAM/512GB SSD/DOS/Fingerprint/Arctic Grey/1 Year Onsite/1.7 kg), 21KKA0HFIN",42005,79200,,,,,"https://www.amazon.in/Lenovo-ThinkBook-Antiglare-Fingerprint-21KKA0HFIN/dp/B0F6VTBB38/ref=sr_1_37_sspa?dib=eyJ2IjoiMSJ9.Fmbia-PO-E0nPJoMI8FsuEKQrh_taps83BQ8NsZUMNz4zTh1btyxkWbnRKR2zID6rZ6-LZJFpPQLYxKVfIAVu17BNsli592DoTwEyIzVCgoFX15IsYEQJiVK-6P3hNRMFl2vCM-pdmRZWtXnFAOoV-NRvPNZqWXjSHSTxuOuHb0CW6NbkQuBkUYMbvBQ55mXRB9bGsKZ1sfSbP6BfN19xtbCV_PnRAKVOhhbuPTtM6k.2y6HfJSmGTZu0K3iiIlIimc1P2QOLWnR1hj_W5hYLy0&dib_tag=se&keywords=laptop&qid=1756572885&sr=8-37-spons&xpid=QhPYU26QgCwxH&sp_csd=d2lkZ2V0TmFtZT1zcF9idGY&psc=1",B0F6VTBB38,"https://m.media-amazon.com/images/I/51XpiWaeMQL._AC_UY218_.jpg",42005
amazon,44,"Lenovo","Lenovo LOQ 2024 12Th Gen Intel Core I5-12450HX | NVIDIA RTX 3050 6GB (16GB RAM/512GB SSD/15.6" (39.6Cm)/Windows 11/Office Home 2024/100% Srgb/3 Mon. Game Pass/Grey/2.4Kg), 83GS00LNIN Gaming Laptop",65990,96590,,,680,680,"https://www.amazon.in/Lenovo-I5-12450HX-NVIDIA-Windows-83GS00LNIN/dp/B0DPQGVH85/ref=sr_1_38_sspa?dib=eyJ2IjoiMSJ9.Fmbia-PO-E0nPJoMI8FsuEKQrh_taps83BQ8NsZUMNz4zTh1btyxkWbnRKR2zID6rZ6-LZJFpPQLYxKVfIAVu17BNsli592DoTwEyIzVCgoFX15IsYEQJiVK-6P3hNRMFl2vCM-pdmRZWtXnFAOoV-NRvPNZqWXjSHSTxuOuHb0CW6NbkQuBkUYMbvBQ55mXRB9bGsKZ1sfSbP6BfN19xtbCV_PnRAKVOhhbuPTtM6k.2y6HfJSmGTZu0K3iiIlIimc1P2QOLWnR1hj_W5hYLy0&dib_tag=se&keywords=laptop&qid=1756572885&sr=8-38-spons&xpid=QhPYU26QgCwxH&sp_csd=d2lkZ2V0TmFtZT1zcF9idGY&psc=1",B0DPQGVH85,"https://m.media-amazon.com/images/I/81tmCrtiRgL._AC_UY218_.jpg",65990
amazon,45,"HP","HP OmniBook 5 OLED (Previously Pavilion), Snapdragon X Processor (16GB LPDDR5x, 512GB SSD) 2K, 14''/35.6cm, Win11, M365 Basic(1yr)* Office24, Silver, 1.35kg, he0014QU, Light-Weight, Next-Gen AI Laptop",68990,83704,,,22,22,"https://www.amazon.in/HP-Previously-Snapdragon-Processor-Light-Weight/dp/B0F8P4Y7VF/ref=sr_1_33_sspa?dib=eyJ2IjoiMSJ9.kxnO_U_QnTm6k6UVb27-eklNP6cFgOy5TMZ0j0lzAUYw97uMdCnrtSYjvQs6q5qARRLfYuwX0rrjgP6bfNcny2YRHpt7oSGh2Rq_7-YAnYCTMfBS4tPIiHPa5oEmhh8jTyDUZ_6RHsNNPeeVMgWcQ1FMN2HMU6_etvr5okDXgccOxtg8UGS9N9WyZif_M_ECqUzyH97dqZFL6ThK-sCU3JgwgtwHBHCLAm89yPi2aYo.2JtT_2gN9vYrJuGxhFybaSaYJeSfjFvczhttAShW4yE&dib_tag=se&keywords=laptop&qid=1756572932&sr=8-33-spons&xpid=QhPYU26QgCwxH&sp_csd=d2lkZ2V0TmFtZT1zcF9hdGZfbmV4dA&psc=1",B0F8P4Y7VF,"https://m.media-amazon.com/images/I/71fHNU8KnQL._AC_UY218_.jpg",68990
amazon,46,"Lenovo","Lenovo LOQ 2024 13th Gen Core i7-13650HX | NVIDIA RTX 4060 8GB (24GB RAM/512GB SSD/15.6" (39.6cm)/Windows 11/Office Home 2024/100% sRGB/3 Mon. Game Pass/Grey/2.4Kg), 83DV00X8IN Gaming Laptop",100690,145790,,,68,68,"https://www.amazon.in/Lenovo-i7-13650HX-NVIDIA-Windows-83DV00X8IN/dp/B0DPQJNQJ6/ref=sr_1_34_sspa?dib=eyJ2IjoiMSJ9.kxnO_U_QnTm6k6UVb27-eklNP6cFgOy5TMZ0j0lzAUYw97uMdCnrtSYjvQs6q5qARRLfYuwX0rrjgP6bfNcny2YRHpt7oSGh2Rq_7-YAnYCTMfBS4tPIiHPa5oEmhh8jTyDUZ_6RHsNNPeeVMgWcQ1FMN2HMU6_etvr5okDXgccOxtg8UGS9N9WyZif_M_ECqUzyH97dqZFL6ThK-sCU3JgwgtwHBHCLAm89yPi2aYo.2JtT_2gN9vYrJuGxhFybaSaYJeSfjFvczhttAShW4yE&dib_tag=se&keywords=laptop&qid=1756572932&sr=8-34-spons&xpid=QhPYU26QgCwxH&sp_csd=d2lkZ2V0TmFtZT1zcF9hdGZfbmV4dA&psc=1",B0DPQJNQJ6,"https://m.media-amazon.com/images/I/8149ThY8zAL._AC_UY218_.jpg",100690
amazon,47,"Acer","Acer Aspire 3 Laptop Intel Core Celeron N4500 Processor Laptop (8 GB LPDDR4X SDRAM/256 GB SSD/Win11 Home/38 WHR/HD Webcam) A324-45 with 35.56 cm (14") HD Display, Pure Silver, 1.3 KG",21490,29990,,,507,507,"https://www.amazon.in/Acer-Celeron-Processor-LPDDR4X-A324-45/dp/B0D7PSYS6B/ref=sr_1_35?dib=eyJ2IjoiMSJ9.kxnO_U_QnTm6k6UVb27-eklNP6cFgOy5TMZ0j0lzAUYw97uMdCnrtSYjvQs6q5qARRLfYuwX0rrjgP6bfNcny2YRHpt7oSGh2Rq_7-YAnYCTMfBS4tPIiHPa5oEmhh8jTyDUZ_6RHsNNPeeVMgWcQ1FMN2HMU6_etvr5okDXgccOxtg8UGS9N9WyZif_M_ECqUzyH97dqZFL6ThK-sCU3JgwgtwHBHCLAm89yPi2aYo.2JtT_2gN9vYrJuGxhFybaSaYJeSfjFvczhttAShW4yE&dib_tag=se&keywords=laptop&qid=1756572932&sr=8-35&xpid=QhPYU26QgCwxH",B0D7PSYS6B,"https://m.media-amazon.com/images/I/61Y8j1QN5YL._AC_UY218_.jpg",21490
amazon,48,"HP","HP 250 G9 Intel Celeron Dual Core 4500u - (8 GB/256 GB SSD/Windows 11) Laptop (15.6 inch, Silver, 1.75 kg)",21699,30336,,,25,25,"https://www.amazon.in/HP-Intel-Celeron-Dual-4500u/dp/B0CZDRCHQ5/ref=sr_1_36?dib=eyJ2IjoiMSJ9.kxnO_U_QnTm6k6UVb27-eklNP6cFgOy5TMZ0j0lzAUYw97uMdCnrtSYjvQs6q5qARRLfYuwX0rrjgP6bfNcny2YRHpt7oSGh2Rq_7-YAnYCTMfBS4tPIiHPa5oEmhh8jTyDUZ_6RHsNNPeeVMgWcQ1FMN2HMU6_etvr5okDXgccOxtg8UGS9N9WyZif_M_ECqUzyH97dqZFL6ThK-sCU3JgwgtwHBHCLAm89yPi2aYo.2JtT_2gN9vYrJuGxhFybaSaYJeSfjFvczhttAShW4yE&dib_tag=se&keywords=laptop&qid=1756572932&sr=8-36&xpid=QhPYU26QgCwxH",B0CZDRCHQ5,"https://m.media-amazon.com/images/I/61JYH36ZBmL._AC_UY218_.jpg",21699
amazon,49,"Lenovo","Lenovo Ideapad 1 N4500 15.6 Inch (39.6Cm) HD Laptop (8GB RAM/512GB SSD/Windows 11/Intel/3 Month Game Pass/Grey/1.55Kg), 82LX00F7IN",25750,36590,,,4,4,"https://www.amazon.in/Lenovo-Ideapad-39-6Cm-Windows-82LX00F7IN/dp/B0F8QDP5MK/ref=sr_1_37?dib=eyJ2IjoiMSJ9.kxnO_U_QnTm6k6UVb27-eklNP6cFgOy5TMZ0j0lzAUYw97uMdCnrtSYjvQs6q5qARRLfYuwX0rrjgP6bfNcny2YRHpt7oSGh2Rq_7-YAnYCTMfBS4tPIiHPa5oEmhh8jTyDUZ_6RHsNNPeeVMgWcQ1FMN2HMU6_etvr5okDXgccOxtg8UGS9N9WyZif_M_ECqUzyH97dqZFL6ThK-sCU3JgwgtwHBHCLAm89yPi2aYo.2JtT_2gN9vYrJuGxhFybaSaYJeSfjFvczhttAShW4yE&dib_tag=se&keywords=laptop&qid=1756572932&sr=8-37&xpid=QhPYU26QgCwxH",B0F8QDP5MK,"https://m.media-amazon.com/images/I/71bDJ9wxxWL._AC_UY218_.jpg",25750
amazon,50,"ASUS","ASUS Vivobook S16,13th Gen,Intel Core i5-13420H,Metallic Design Laptop(Intel UHD iGPU/16GB RAM/512GB SSD/FHD+/16"/144Hz/Windows 11/M365 Basic(1Year)*/Office Home 2024/Matte Gray/1.7 Kg)S3607VA-RP054WS",60990,86990,,,41,41,"https://www.amazon.in/ASUS-Vivobook-i5-13420H-Metallic-S3607VA-RP054WS/dp/B0FBFM3KNL/ref=sr_1_38?dib=eyJ2IjoiMSJ9.kxnO_U_QnTm6k6UVb27-eklNP6cFgOy5TMZ0j0lzAUYw97uMdCnrtSYjvQs6q5qARRLfYuwX0rrjgP6bfNcny2YRHpt7oSGh2Rq_7-YAnYCTMfBS4tPIiHPa5oEmhh8jTyDUZ_6RHsNNPeeVMgWcQ1FMN2HMU6_etvr5okDXgccOxtg8UGS9N9WyZif_M_ECqUzyH97dqZFL6ThK-sCU3JgwgtwHBHCLAm89yPi2aYo.2JtT_2gN9vYrJuGxhFybaSaYJeSfjFvczhttAShW4yE&dib_tag=se&keywords=laptop&qid=1756572932&sr=8-38&xpid=QhPYU26QgCwxH",B0FBFM3KNL,"https://m.media-amazon.com/images/I/71LwIxMzWDL._AC_UY218_.jpg",60990
amazon,51,"DELL","DELL 14 (2025) Intel Core i3 13th Gen 1305U - (8 GB/512 GB SSD/Intel UHD Graphics/Windows 11 Home) Thin and Light Business Laptop/14.0" FHD+ IPS Display/Ice Blue/1.4 kg/MSO 2021/1 Year ADP Warranty",31000,49427,,,,,"https://www.amazon.in/DELL-14-Intel-Core-1305U/dp/B0FKMQPDPM/ref=sr_1_39?dib=eyJ2IjoiMSJ9.kxnO_U_QnTm6k6UVb27-eklNP6cFgOy5TMZ0j0lzAUYw97uMdCnrtSYjvQs6q5qARRLfYuwX0rrjgP6bfNcny2YRHpt7oSGh2Rq_7-YAnYCTMfBS4tPIiHPa5oEmhh8jTyDUZ_6RHsNNPeeVMgWcQ1FMN2HMU6_etvr5okDXgccOxtg8UGS9N9WyZif_M_ECqUzyH97dqZFL6ThK-sCU3JgwgtwHBHCLAm89yPi2aYo.2JtT_2gN9vYrJuGxhFybaSaYJeSfjFvczhttAShW4yE&dib_tag=se&keywords=laptop&qid=1756572932&sr=8-39&xpid=QhPYU26QgCwxH",B0FKMQPDPM,"https://m.media-amazon.com/images/I/91IHnG21p4L._AC_UY218_.jpg",31000
amazon,52,"ULTIMUS","ULTIMUS Pro Intel Celeron Dual Core Laptop 4GB RAM, 128GB M.2 Emmc Expandable~512GB Intel HD Graphics 2.0x1 3.0x1 USB HDMI Sd Card Slot LPDDR4 Dual Speaker Dual Microphone Win 11 Home Gray, 1.2 kg",,,,,Currently unavailable.,Currently unavailable.,"https://www.amazon.in/ULTIMUS-Celeron-Expandable-512GB-Graphics-Microphone/dp/B0D98DS8ZR/ref=sr_1_40?dib=eyJ2IjoiMSJ9.kxnO_U_QnTm6k6UVb27-eklNP6cFgOy5TMZ0j0lzAUYw97uMdCnrtSYjvQs6q5qARRLfYuwX0rrjgP6bfNcny2YRHpt7oSGh2Rq_7-YAnYCTMfBS4tPIiHPa5oEmhh8jTyDUZ_6RHsNNPeeVMgWcQ1FMN2HMU6_etvr5okDXgccOxtg8UGS9N9WyZif_M_ECqUzyH97dqZFL6ThK-sCU3JgwgtwHBHCLAm89yPi2aYo.2JtT_2gN9vYrJuGxhFybaSaYJeSfjFvczhttAShW4yE&dib_tag=se&keywords=laptop&qid=1756572932&sr=8-40&xpid=QhPYU26QgCwxH",B0D98DS8ZR,"https://m.media-amazon.com/images/I/61ZYf3SK4NL._AC_UY218_.jpg",
amazon,53,"Acer","Acer Aspire Lite, AMD Ryzen 3 7330U Processor, 8 GB RAM, 512 GB SSD, Full HD, 15.6"/39.62cm, Windows 11 Home, Steel Gray, 1.6KG, AL15-41, Metal Body, Premium Thin and Light Laptop",28990,47990,,,1476,1476,"https://www.amazon.in/Acer-Smartchoice-Premium-Windows-AL15-41/dp/B0CWTSF1TK/ref=sr_1_41?dib=eyJ2IjoiMSJ9.kxnO_U_QnTm6k6UVb27-eklNP6cFgOy5TMZ0j0lzAUYw97uMdCnrtSYjvQs6q5qARRLfYuwX0rrjgP6bfNcny2YRHpt7oSGh2Rq_7-YAnYCTMfBS4tPIiHPa5oEmhh8jTyDUZ_6RHsNNPeeVMgWcQ1FMN2HMU6_etvr5okDXgccOxtg8UGS9N9WyZif_M_ECqUzyH97dqZFL6ThK-sCU3JgwgtwHBHCLAm89yPi2aYo.2JtT_2gN9vYrJuGxhFybaSaYJeSfjFvczhttAShW4yE&dib_tag=se&keywords=laptop&qid=1756572932&sr=8-41&xpid=QhPYU26QgCwxH",B0CWTSF1TK,"https://m.media-amazon.com/images/I/61keRkmSGBL._AC_UY218_.jpg",28990
amazon,54,"DeII","DeII 5400 InteI i5 8th Gen, 8GB DDR4 RAM | 256GB SSD - 14" (35.6cm) FHD| InteI UHD Graphics - HD Camera| Thin & Light (Win10, MS Office) Laptop(Refab) Black",24995,45995,,,,,"https://www.amazon.in/DeII-5400-InteI-DDR4-256GB/dp/B0FKBF9S4Y/ref=sr_1_42?dib=eyJ2IjoiMSJ9.kxnO_U_QnTm6k6UVb27-eklNP6cFgOy5TMZ0j0lzAUYw97uMdCnrtSYjvQs6q5qARRLfYuwX0rrjgP6bfNcny2YRHpt7oSGh2Rq_7-YAnYCTMfBS4tPIiHPa5oEmhh8jTyDUZ_6RHsNNPeeVMgWcQ1FMN2HMU6_etvr5okDXgccOxtg8UGS9N9WyZif_M_ECqUzyH97dqZFL6ThK-sCU3JgwgtwHBHCLAm89yPi2aYo.2JtT_2gN9vYrJuGxhFybaSaYJeSfjFvczhttAShW4yE&dib_tag=se&keywords=laptop&qid=1756572932&sr=8-42&xpid=QhPYU26QgCwxH",B0FKBF9S4Y,"https://m.media-amazon.com/images/I/61vTPDrbz3L._AC_UY218_.jpg",24995
amazon,55,"Lenovo","Lenovo Legion 5 2024 13Th Gencore Intel I7-13650HX|NVIDIA RTX 4060 8GB(24GB RAM/512GB SSD/15.6"(39.6Cm)/14Hz/FHD IPS/Windows 11/Office Home 2024/3 Month Game Pass/Grey/2.3Kg),83JJ0010IN Gaming Laptop",122990,165090,,,9,9,"https://www.amazon.in/Lenovo-Gencore-I7-13650HX-Windows-83JJ0010IN/dp/B0DPQWP7DX/ref=sr_1_43_sspa?dib=eyJ2IjoiMSJ9.kxnO_U_QnTm6k6UVb27-eklNP6cFgOy5TMZ0j0lzAUYw97uMdCnrtSYjvQs6q5qARRLfYuwX0rrjgP6bfNcny2YRHpt7oSGh2Rq_7-YAnYCTMfBS4tPIiHPa5oEmhh8jTyDUZ_6RHsNNPeeVMgWcQ1FMN2HMU6_etvr5okDXgccOxtg8UGS9N9WyZif_M_ECqUzyH97dqZFL6ThK-sCU3JgwgtwHBHCLAm89yPi2aYo.2JtT_2gN9vYrJuGxhFybaSaYJeSfjFvczhttAShW4yE&dib_tag=se&keywords=laptop&qid=1756572932&sr=8-43-spons&xpid=QhPYU26QgCwxH&sp_csd=d2lkZ2V0TmFtZT1zcF9tdGY&psc=1",B0DPQWP7DX,"https://m.media-amazon.com/images/I/61wEXW8NcVL._AC_UY218_.jpg",122990
amazon,56,"ULTIMUS","ULTIMUS APEX Laptop Intel Celeron Dual Core 8 GB LPDDR4 512 GB SSD Expandable~1TB 14.1 FHD IPS Laptop Anti-Glare Ultra Thin Bezel 180° Hinge 3.0x3 USB HDMI SD Card Slot Win 11 Home 1.25KG Silver",17990,39990,,,41,41,"https://www.amazon.in/ULTIMUS-Laptop-Celeron-Expandable-1TB-Anti-Glare/dp/B0F5WTFC3D/ref=sr_1_44_sspa?dib=eyJ2IjoiMSJ9.kxnO_U_QnTm6k6UVb27-eklNP6cFgOy5TMZ0j0lzAUYw97uMdCnrtSYjvQs6q5qARRLfYuwX0rrjgP6bfNcny2YRHpt7oSGh2Rq_7-YAnYCTMfBS4tPIiHPa5oEmhh8jTyDUZ_6RHsNNPeeVMgWcQ1FMN2HMU6_etvr5okDXgccOxtg8UGS9N9WyZif_M_ECqUzyH97dqZFL6ThK-sCU3JgwgtwHBHCLAm89yPi2aYo.2JtT_2gN9vYrJuGxhFybaSaYJeSfjFvczhttAShW4yE&dib_tag=se&keywords=laptop&qid=1756572932&sr=8-44-spons&xpid=QhPYU26QgCwxH&sp_csd=d2lkZ2V0TmFtZT1zcF9tdGY&psc=1",B0F5WTFC3D,"https://m.media-amazon.com/images/I/713QmwFZbsL._AC_UY218_.jpg",17990
amazon,57,"HP","HP 15 (2025), AMD Athlon 7120U Dual Core - (8 GB/256 GB SSD/AMD Radeon Graphics/Windows 11 Pro) Thin and Light Business Laptop/15.6" HD Display/Black/1.5 kg/MS Office 2021",24990,40990,,,1,1,"https://www.amazon.in/HP-15-Athlon-7120U-Dual/dp/B0FKKTBK64/ref=sr_1_45?dib=eyJ2IjoiMSJ9.kxnO_U_QnTm6k6UVb27-eklNP6cFgOy5TMZ0j0lzAUYw97uMdCnrtSYjvQs6q5qARRLfYuwX0rrjgP6bfNcny2YRHpt7oSGh2Rq_7-YAnYCTMfBS4tPIiHPa5oEmhh8jTyDUZ_6RHsNNPeeVMgWcQ1FMN2HMU6_etvr5okDXgccOxtg8UGS9N9WyZif_M_ECqUzyH97dqZFL6ThK-sCU3JgwgtwHBHCLAm89yPi2aYo.2JtT_2gN9vYrJuGxhFybaSaYJeSfjFvczhttAShW4yE&dib_tag=se&keywords=laptop&qid=1756572932&sr=8-45&xpid=QhPYU26QgCwxH",B0FKKTBK64,"https://m.media-amazon.com/images/I/71FsgJx7AIL._AC_UY218_.jpg",24990
amazon,58,"","(Refurbished) HP OMEN Gaming Laptop, Ryzen 7 7840HS 40.9 cm (16.1inch) FHD, 165hz, 7ms Response time(16GB DDR5, 1TB SSD)/ NVIDIA® GeForce RTX™ 4060/ B&O/Backlit Kb/Win 11/MSO, 16-xf0060AX",90090,105990,,,,,"https://www.amazon.in/Refurbished-HP-16-1inch-Response-16-xf0060AX/dp/B0CK6R744R/ref=sr_1_46?dib=eyJ2IjoiMSJ9.kxnO_U_QnTm6k6UVb27-eklNP6cFgOy5TMZ0j0lzAUYw97uMdCnrtSYjvQs6q5qARRLfYuwX0rrjgP6bfNcny2YRHpt7oSGh2Rq_7-YAnYCTMfBS4tPIiHPa5oEmhh8jTyDUZ_6RHsNNPeeVMgWcQ1FMN2HMU6_etvr5okDXgccOxtg8UGS9N9WyZif_M_ECqUzyH97dqZFL6ThK-sCU3JgwgtwHBHCLAm89yPi2aYo.2JtT_2gN9vYrJuGxhFybaSaYJeSfjFvczhttAShW4yE&dib_tag=se&keywords=laptop&qid=1756572932&sr=8-46&xpid=QhPYU26QgCwxH",B0CK6R744R,"https://m.media-amazon.com/images/I/71hof8-PQDL._AC_UY218_.jpg",90090
amazon,59,"Lenovo","Lenovo Ideapad 1 AMD Ryzen 5 5625U (16GB RAM/512GB SSD/Windows 11/Office Home 2024/15.6 Inch (39.6Cm)/FHD IPS Display/3Months Game Pass/Grey/1.6Kg), 82R4011CIN/0DIN Laptop",38300,68990,,,2099,2099,"https://www.amazon.in/Lenovo-Ideapad-Windows-Display-82R4011CIN/dp/B0DT3SBQM7/ref=sr_1_47?dib=eyJ2IjoiMSJ9.kxnO_U_QnTm6k6UVb27-eklNP6cFgOy5TMZ0j0lzAUYw97uMdCnrtSYjvQs6q5qARRLfYuwX0rrjgP6bfNcny2YRHpt7oSGh2Rq_7-YAnYCTMfBS4tPIiHPa5oEmhh8jTyDUZ_6RHsNNPeeVMgWcQ1FMN2HMU6_etvr5okDXgccOxtg8UGS9N9WyZif_M_ECqUzyH97dqZFL6ThK-sCU3JgwgtwHBHCLAm89yPi2aYo.2JtT_2gN9vYrJuGxhFybaSaYJeSfjFvczhttAShW4yE&dib_tag=se&keywords=laptop&qid=1756572932&sr=8-47&xpid=QhPYU26QgCwxH",B0DT3SBQM7,"https://m.media-amazon.com/images/I/814By4kEe5L._AC_UY218_.jpg",38300
amazon,60,"HP","HP 15 (2025), Celeron 8 GB 256 GB SSD 11 Thin and Light",22700,35000,,,12,12,"https://www.amazon.in/HP-15-Celeron-Thin-Light/dp/B0F8WTY1HN/ref=sr_1_48?dib=eyJ2IjoiMSJ9.kxnO_U_QnTm6k6UVb27-eklNP6cFgOy5TMZ0j0lzAUYw97uMdCnrtSYjvQs6q5qARRLfYuwX0rrjgP6bfNcny2YRHpt7oSGh2Rq_7-YAnYCTMfBS4tPIiHPa5oEmhh8jTyDUZ_6RHsNNPeeVMgWcQ1FMN2HMU6_etvr5okDXgccOxtg8UGS9N9WyZif_M_ECqUzyH97dqZFL6ThK-sCU3JgwgtwHBHCLAm89yPi2aYo.2JtT_2gN9vYrJuGxhFybaSaYJeSfjFvczhttAShW4yE&dib_tag=se&keywords=laptop&qid=1756572932&sr=8-48&xpid=QhPYU26QgCwxH",B0F8WTY1HN,"https://m.media-amazon.com/images/I/71sxKjBSHKL._AC_UY218_.jpg",22700
amazon,61,"acer","acer Travel Lite 14[New Launch], AMD Ryzen 3-7330U, 16GB RAM, 512GB SSD, 14inch Full HD, UHD Graphics, Premium Metal Body, Windows 11 Pro, MSO 21, 1.34KG, TL14-42M, Thin & Light Laptop",30490,39999,,,32,32,"https://www.amazon.in/acer-3-7330U-Graphics-Premium-TL14-42M/dp/B0F6MY3GDD/ref=sr_1_49?dib=eyJ2IjoiMSJ9.kxnO_U_QnTm6k6UVb27-eklNP6cFgOy5TMZ0j0lzAUYw97uMdCnrtSYjvQs6q5qARRLfYuwX0rrjgP6bfNcny2YRHpt7oSGh2Rq_7-YAnYCTMfBS4tPIiHPa5oEmhh8jTyDUZ_6RHsNNPeeVMgWcQ1FMN2HMU6_etvr5okDXgccOxtg8UGS9N9WyZif_M_ECqUzyH97dqZFL6ThK-sCU3JgwgtwHBHCLAm89yPi2aYo.2JtT_2gN9vYrJuGxhFybaSaYJeSfjFvczhttAShW4yE&dib_tag=se&keywords=laptop&qid=1756572932&sr=8-49&xpid=QhPYU26QgCwxH",B0F6MY3GDD,"https://m.media-amazon.com/images/I/51xKQHXurwL._AC_UY218_.jpg",30490
amazon,62,"Acer","Acer Chromebook, Intel Celeron N4500, 8GB RAM, 128GB Storage, Full HD, 15.6"/39.6cm, Chrome OS, Silver, 1.6KG, CB315-4H, WiFi 6,3 Months Google One AI Premium Plan& 2TB Cloud Storage AI Powered Laptop",20990,33999,,,159,159,"https://www.amazon.in/Chromebook-CB315-4H-Celeron-Premium-Advanced/dp/B0DH4M1MJ3/ref=sr_1_50?dib=eyJ2IjoiMSJ9.kxnO_U_QnTm6k6UVb27-eklNP6cFgOy5TMZ0j0lzAUYw97uMdCnrtSYjvQs6q5qARRLfYuwX0rrjgP6bfNcny2YRHpt7oSGh2Rq_7-YAnYCTMfBS4tPIiHPa5oEmhh8jTyDUZ_6RHsNNPeeVMgWcQ1FMN2HMU6_etvr5okDXgccOxtg8UGS9N9WyZif_M_ECqUzyH97dqZFL6ThK-sCU3JgwgtwHBHCLAm89yPi2aYo.2JtT_2gN9vYrJuGxhFybaSaYJeSfjFvczhttAShW4yE&dib_tag=se&keywords=laptop&qid=1756572932&sr=8-50&xpid=QhPYU26QgCwxH",B0DH4M1MJ3,"https://m.media-amazon.com/images/I/618YKR-dBgL._AC_UY218_.jpg",20990
amazon,63,"hp","hp Professional 14, 13th Gen Intel Core i5-1334U Turbo Boost, 32GB DDR4, 2TB GB SSD, (Win 11 Pro, MSO 21Pro, Silver Gray, 1.49kg), 14 inch Laptop, UHD Graphics, Backlit KB, 240 G10",59290,85000,,,14,14,"https://www.amazon.in/HP-Professional-i5-1334U-240-G10/dp/B0F7XX7BQG/ref=sr_1_51?dib=eyJ2IjoiMSJ9.kxnO_U_QnTm6k6UVb27-eklNP6cFgOy5TMZ0j0lzAUYw97uMdCnrtSYjvQs6q5qARRLfYuwX0rrjgP6bfNcny2YRHpt7oSGh2Rq_7-YAnYCTMfBS4tPIiHPa5oEmhh8jTyDUZ_6RHsNNPeeVMgWcQ1FMN2HMU6_etvr5okDXgccOxtg8UGS9N9WyZif_M_ECqUzyH97dqZFL6ThK-sCU3JgwgtwHBHCLAm89yPi2aYo.2JtT_2gN9vYrJuGxhFybaSaYJeSfjFvczhttAShW4yE&dib_tag=se&keywords=laptop&qid=1756572932&sr=8-51&xpid=QhPYU26QgCwxH",B0F7XX7BQG,"https://m.media-amazon.com/images/I/514uYD8mt4L._AC_UY218_.jpg",59290
amazon,64,"Lenovo","Lenovo V15 G4 AMD Athlon Silver 7120U Laptop 8GB LPDDR5 Ram, 512 GB SSD PCIe, Windows 11 Lifetime Validity,15.6" FHD Screen, AMD Radeon 610M, Silver, 1 Year Brand Warranty",27999,78690,,,228,228,"https://www.amazon.in/Lenovo-V15-Lifetime-Validity-Warranty/dp/B0CL7CMTXS/ref=sr_1_52?dib=eyJ2IjoiMSJ9.kxnO_U_QnTm6k6UVb27-eklNP6cFgOy5TMZ0j0lzAUYw97uMdCnrtSYjvQs6q5qARRLfYuwX0rrjgP6bfNcny2YRHpt7oSGh2Rq_7-YAnYCTMfBS4tPIiHPa5oEmhh8jTyDUZ_6RHsNNPeeVMgWcQ1FMN2HMU6_etvr5okDXgccOxtg8UGS9N9WyZif_M_ECqUzyH97dqZFL6ThK-sCU3JgwgtwHBHCLAm89yPi2aYo.2JtT_2gN9vYrJuGxhFybaSaYJeSfjFvczhttAShW4yE&dib_tag=se&keywords=laptop&qid=1756572932&sr=8-52&xpid=QhPYU26QgCwxH",B0CL7CMTXS,"https://m.media-amazon.com/images/I/51+SoS8bWbL._AC_UY218_.jpg",27999
amazon,65,"Chuwi","Chuwi GemiBook X Pro 14.1" Laptop, 8GB LPDDR5 RAM 256GB SSD, Windows 11, Intel 12th Gen N100(up to 3.4GHz), WiFi 6, USB3.0, Webcam, Bluetooth 5.2, 38Wh, 1.46kg (Iron Gray)",22990,34990,,,370,370,"https://www.amazon.in/Chuwi-GemiBook-Pro-Windows-Bluetooth/dp/B0CP96SSRP/ref=sr_1_53_sspa?dib=eyJ2IjoiMSJ9.kxnO_U_QnTm6k6UVb27-eklNP6cFgOy5TMZ0j0lzAUYw97uMdCnrtSYjvQs6q5qARRLfYuwX0rrjgP6bfNcny2YRHpt7oSGh2Rq_7-YAnYCTMfBS4tPIiHPa5oEmhh8jTyDUZ_6RHsNNPeeVMgWcQ1FMN2HMU6_etvr5okDXgccOxtg8UGS9N9WyZif_M_ECqUzyH97dqZFL6ThK-sCU3JgwgtwHBHCLAm89yPi2aYo.2JtT_2gN9vYrJuGxhFybaSaYJeSfjFvczhttAShW4yE&dib_tag=se&keywords=laptop&qid=1756572932&sr=8-53-spons&xpid=QhPYU26QgCwxH&sp_csd=d2lkZ2V0TmFtZT1zcF9idGY&psc=1",B0CP96SSRP,"https://m.media-amazon.com/images/I/61ddu0Q1QsL._AC_UY218_.jpg",22990
amazon,66,"Lenovo","Lenovo IdeaPad Slim 3 13th Gen Intel Core i5-13420H 15.3"(38.8cm) WUXGA IPS Laptop(16GB RAM/512GB SSD/Win 11/Office Home 2024/Backlit/1Yr ADP Free/Top Metal Cover & IR Camera/Grey/1.6Kg), 83K100CGIN",58750,75000,,,130,130,"https://www.amazon.in/Lenovo-IdeaPad-i5-13420H-Backlit-83K100CGIN/dp/B0F637DPFW/ref=sr_1_54_sspa?dib=eyJ2IjoiMSJ9.kxnO_U_QnTm6k6UVb27-eklNP6cFgOy5TMZ0j0lzAUYw97uMdCnrtSYjvQs6q5qARRLfYuwX0rrjgP6bfNcny2YRHpt7oSGh2Rq_7-YAnYCTMfBS4tPIiHPa5oEmhh8jTyDUZ_6RHsNNPeeVMgWcQ1FMN2HMU6_etvr5okDXgccOxtg8UGS9N9WyZif_M_ECqUzyH97dqZFL6ThK-sCU3JgwgtwHBHCLAm89yPi2aYo.2JtT_2gN9vYrJuGxhFybaSaYJeSfjFvczhttAShW4yE&dib_tag=se&keywords=laptop&qid=1756572932&sr=8-54-spons&xpid=QhPYU26QgCwxH&sp_csd=d2lkZ2V0TmFtZT1zcF9idGY&psc=1",B0F637DPFW,"https://m.media-amazon.com/images/I/71D9HSayVSL._AC_UY218_.jpg",58750
flipkart,1,"Chuwi","CHUWI Intel Celeron Dual Core 11th Gen N4020 - (8 GB/256 GB SSD/Windows 11 Home) HeroBook Pro Laptop",17990,34990,48,3.7,1721,1721,"https://www.flipkart.com/chuwi-intel-celeron-dual-core-11th-gen-n4020-8-gb-256-gb-ssd-windows-11-home-herobook-pro-laptop/p/itm5e1f327988402?pid=COMGQHMZWHRXFWET&lid=LSTCOMGQHMZWHRXFWETVNWSPG&marketplace=FLIPKART&q=laptop&store=6bo%2Fb5g&srno=s_1_1&otracker=search&fm=organic&iid=en_R-T6g5_HzqnErr1f8NUTjKEPVNjkWIyPOj8EoprL-LS1Jx7E2rLHctd-TqeDwjTT1Jc3bfjvpx5PziJGSTrR1w%3D%3D&ppt=None&ppn=None&ssid=jzmnspgksg0000001756572974591&qH=312f91285e048e09",https://www.flipkart.com/chuwi-intel-celeron-dual-core-11th-gen-n4020-8-gb-256-gb-ssd-windows-11-home-herobook-pro-laptop/p/itm5e1f327988402?pid=COMGQHMZWHRXFWET&lid=LSTCOMGQHMZWHRXFWETVNWSPG&marketplace=FLIPKART&q=laptop&store=6bo%2Fb5g&srno=s_1_1&otracker=search&fm=organic&iid=en_R-T6g5_HzqnErr1f8NUTjKEPVNjkWIyPOj8EoprL-LS1Jx7E2rLHctd-TqeDwjTT1Jc3bfjvpx5PziJGSTrR1w%3D%3D&ppt=None&ppn=None&ssid=jzmnspgksg0000001756572974591&qH=312f91285e048e09,"https://rukminim2.flixcart.com/image/312/312/xif0q/computer/h/t/t/-original-imahcd9hhh6y4knb.jpeg?q=70",17990
flipkart,2,"Dell","DELL Intel Core i3 13th Gen 1305U - (8 GB/512 GB SSD/Windows 11 Home) Vostro 3530 Thin and Light Lapto...",33990,46913,27,3.9,221,221,"https://www.flipkart.com/dell-intel-core-i3-13th-gen-1305u-8-gb-512-gb-ssd-windows-11-home-vostro-3530-thin-light-laptop/p/itm79bd3633b64b4?pid=COMGZ8NDUXGPXTVZ&lid=LSTCOMGZ8NDUXGPXTVZ7PXILK&marketplace=FLIPKART&q=laptop&store=6bo%2Fb5g&srno=s_1_2&otracker=search&fm=organic&iid=en_R-T6g5_HzqnErr1f8NUTjKEPVNjkWIyPOj8EoprL-LS3on_R9Dr0Ss9HL-s9VTHymuFgGy5JycsZp_qWpsWBk_UFjCTyOHoHZs-Z5_PS_w0%3D&ppt=None&ppn=None&ssid=jzmnspgksg0000001756572974591&qH=312f91285e048e09",https://www.flipkart.com/dell-intel-core-i3-13th-gen-1305u-8-gb-512-gb-ssd-windows-11-home-vostro-3530-thin-light-laptop/p/itm79bd3633b64b4?pid=COMGZ8NDUXGPXTVZ&lid=LSTCOMGZ8NDUXGPXTVZ7PXILK&marketplace=FLIPKART&q=laptop&store=6bo%2Fb5g&srno=s_1_2&otracker=search&fm=organic&iid=en_R-T6g5_HzqnErr1f8NUTjKEPVNjkWIyPOj8EoprL-LS3on_R9Dr0Ss9HL-s9VTHymuFgGy5JycsZp_qWpsWBk_UFjCTyOHoHZs-Z5_PS_w0%3D&ppt=None&ppn=None&ssid=jzmnspgksg0000001756572974591&qH=312f91285e048e09,"https://rukminim2.flixcart.com/image/312/312/xif0q/computer/c/s/m/-original-imahfbzt8hufckzd.jpeg?q=70",33990
flipkart,3,"Asus","ASUS Vivobook Go 14 (2025) with Office 2024 + M365 Basic* AMD Ryzen 3 Quad Core 7320U - (8 GB/512 GB S...",29990,43990,31,4.2,2608,2608,"https://www.flipkart.com/asus-vivobook-go-14-2025-office-2024-m365-basic-amd-ryzen-3-quad-core-7320u-8-gb-512-gb-ssd-windows-11-home-e1404fa-nk3321ws-thin-light-laptop/p/itm1472d87e3ca55?pid=COMH9SJ9YXA8RGGT&lid=LSTCOMH9SJ9YXA8RGGTTIESJR&marketplace=FLIPKART&q=laptop&store=6bo%2Fb5g&srno=s_1_3&otracker=search&fm=organic&iid=bf6ea713-f462-4527-b397-61cb9a21250f.COMH9SJ9YXA8RGGT.SEARCH&ppt=None&ppn=None&ssid=jzmnspgksg0000001756572974591&qH=312f91285e048e09",https://www.flipkart.com/asus-vivobook-go-14-2025-office-2024-m365-basic-amd-ryzen-3-quad-core-7320u-8-gb-512-gb-ssd-windows-11-home-e1404fa-nk3321ws-thin-light-laptop/p/itm1472d87e3ca55?pid=COMH9SJ9YXA8RGGT&lid=LSTCOMH9SJ9YXA8RGGTTIESJR&marketplace=FLIPKART&q=laptop&store=6bo%2Fb5g&srno=s_1_3&otracker=search&fm=organic&iid=bf6ea713-f462-4527-b397-61cb9a21250f.COMH9SJ9YXA8RGGT.SEARCH&ppt=None&ppn=None&ssid=jzmnspgksg0000001756572974591&qH=312f91285e048e09,"https://rukminim2.flixcart.com/image/312/312/xif0q/computer/d/n/3/-original-imah2y2teghzh7xe.jpeg?q=70",29990
flipkart,4,"Acer","Acer Aspire 3 Intel Celeron Dual Core - (8 GB/256 GB SSD/Windows 11 Home) A311-45 Thin and Light Lapto...",17990,33399,46,3.8,1377,1377,"https://www.flipkart.com/acer-aspire-3-intel-celeron-dual-core-8-gb-256-gb-ssd-windows-11-home-a311-45-thin-light-laptop/p/itmad38595c5a902?pid=COMH7NCZ8BARKXFF&lid=LSTCOMH7NCZ8BARKXFFIUHV7S&marketplace=FLIPKART&q=laptop&store=6bo%2Fb5g&srno=s_1_4&otracker=search&fm=organic&iid=bf6ea713-f462-4527-b397-61cb9a21250f.COMH7NCZ8BARKXFF.SEARCH&ppt=None&ppn=None&ssid=jzmnspgksg0000001756572974591&qH=312f91285e048e09",https://www.flipkart.com/acer-aspire-3-intel-celeron-dual-core-8-gb-256-gb-ssd-windows-11-home-a311-45-thin-light-laptop/p/itmad38595c5a902?pid=COMH7NCZ8BARKXFF&lid=LSTCOMH7NCZ8BARKXFFIUHV7S&marketplace=FLIPKART&q=laptop&store=6bo%2Fb5g&srno=s_1_4&otracker=search&fm=organic&iid=bf6ea713-f462-4527-b397-61cb9a21250f.COMH7NCZ8BARKXFF.SEARCH&ppt=None&ppn=None&ssid=jzmnspgksg0000001756572974591&qH=312f91285e048e09,"https://rukminim2.flixcart.com/image/312/312/xif0q/computer/i/x/k/-original-imahf69gf4bu5eyr.jpeg?q=70",17990
flipkart,5,"Samsung","Samsung Galaxy Book4 Metal Intel Core i5 13th Gen 1335U - (8 GB/512 GB SSD/Windows 11 Home) NP750XGJ-K...",46990,78189,39,4.4,10967,10967,"https://www.flipkart.com/samsung-galaxy-book4-metal-intel-core-i5-13th-gen-1335u-8-gb-512-gb-ssd-windows-11-home-np750xgj-kg1in-np750xgj-lg1in-thin-light-laptop/p/itm1df5212efb9fc?pid=COMGZUYDFZXHWYWZ&lid=LSTCOMGZUYDFZXHWYWZJ6V2KW&marketplace=FLIPKART&q=laptop&store=6bo%2Fb5g&srno=s_1_5&otracker=search&fm=organic&iid=bf6ea713-f462-4527-b397-61cb9a21250f.COMGZUYDFZXHWYWZ.SEARCH&ppt=None&ppn=None&ssid=jzmnspgksg0000001756572974591&qH=312f91285e048e09",https://www.flipkart.com/samsung-galaxy-book4-metal-intel-core-i5-13th-gen-1335u-8-gb-512-gb-ssd-windows-11-home-np750xgj-kg1in-np750xgj-lg1in-thin-light-laptop/p/itm1df5212efb9fc?pid=COMGZUYDFZXHWYWZ&lid=LSTCOMGZUYDFZXHWYWZJ6V2KW&marketplace=FLIPKART&q=laptop&store=6bo%2Fb5g&srno=s_1_5&otracker=search&fm=organic&iid=bf6ea713-f462-4527-b397-61cb9a21250f.COMGZUYDFZXHWYWZ.SEARCH&ppt=None&ppn=None&ssid=jzmnspgksg0000001756572974591&qH=312f91285e048e09,"https://rukminim2.flixcart.com/image/312/312/xif0q/computer/2/j/1/-original-imahf69gvwusejfq.jpeg?q=70",46990
flipkart,6,"Asus","ASUS Expertbook P1 Intel Core i3 13th Gen 1315U - (8 GB/512 GB SSD/Windows 11 Home) P1403CVA-S60343WS ...",37990,69990,45,4.2,1108,1108,"https://www.flipkart.com/asus-expertbook-p1-intel-core-i3-13th-gen-1315u-8-gb-512-gb-ssd-windows-11-home-p1403cva-s60343ws-thin-light-laptop/p/itm275e21a6deac0?pid=COMH8Z2QRWQQZTCJ&lid=LSTCOMH8Z2QRWQQZTCJ7QVQUG&marketplace=FLIPKART&q=laptop&store=6bo%2Fb5g&srno=s_1_6&otracker=search&fm=organic&iid=en_R-T6g5_HzqnErr1f8NUTjKEPVNjkWIyPOj8EoprL-LTn16NtAnVSJIkK0D57eEdMKlLvJdkaxvninAR8A_AMQn3Gaq_wzx4HJysDmGalzMk%3D&ppt=None&ppn=None&ssid=jzmnspgksg0000001756572974591&qH=312f91285e048e09",https://www.flipkart.com/asus-expertbook-p1-intel-core-i3-13th-gen-1315u-8-gb-512-gb-ssd-windows-11-home-p1403cva-s60343ws-thin-light-laptop/p/itm275e21a6deac0?pid=COMH8Z2QRWQQZTCJ&lid=LSTCOMH8Z2QRWQQZTCJ7QVQUG&marketplace=FLIPKART&q=laptop&store=6bo%2Fb5g&srno=s_1_6&otracker=search&fm=organic&iid=en_R-T6g5_HzqnErr1f8NUTjKEPVNjkWIyPOj8EoprL-LTn16NtAnVSJIkK0D57eEdMKlLvJdkaxvninAR8A_AMQn3Gaq_wzx4HJysDmGalzMk%3D&ppt=None&ppn=None&ssid=jzmnspgksg0000001756572974591&qH=312f91285e048e09,"https://rukminim2.flixcart.com/image/312/312/xif0q/computer/e/v/k/-original-imahf69gnqmgnguq.jpeg?q=70",37990
flipkart,7,"Acer","Acer Aspire 3 Intel Celeron Dual Core - (8 GB/128 GB SSD/Windows 11 Home) A311-45 Thin and Light Lapto...",16656,32990,49,3.8,2304,2304,"https://www.flipkart.com/acer-aspire-3-intel-celeron-dual-core-8-gb-128-gb-ssd-windows-11-home-a311-45-thin-light-laptop/p/itmad38595c5a902?pid=COMH7NCZGGGWQC4W&lid=LSTCOMH7NCZGGGWQC4WQSQGVR&marketplace=FLIPKART&q=laptop&store=6bo%2Fb5g&srno=s_1_7&otracker=search&fm=organic&iid=bf6ea713-f462-4527-b397-61cb9a21250f.COMH7NCZGGGWQC4W.SEARCH&ppt=None&ppn=None&ssid=jzmnspgksg0000001756572974591&qH=312f91285e048e09",https://www.flipkart.com/acer-aspire-3-intel-celeron-dual-core-8-gb-128-gb-ssd-windows-11-home-a311-45-thin-light-laptop/p/itmad38595c5a902?pid=COMH7NCZGGGWQC4W&lid=LSTCOMH7NCZGGGWQC4WQSQGVR&marketplace=FLIPKART&q=laptop&store=6bo%2Fb5g&srno=s_1_7&otracker=search&fm=organic&iid=bf6ea713-f462-4527-b397-61cb9a21250f.COMH7NCZGGGWQC4W.SEARCH&ppt=None&ppn=None&ssid=jzmnspgksg0000001756572974591&qH=312f91285e048e09,"https://rukminim2.flixcart.com/image/312/312/xif0q/computer/i/x/k/-original-imahf69gf4bu5eyr.jpeg?q=70",16656
flipkart,8,"Asus","ASUS Vivobook Go 14 (2025) with Office 2024 + M365 Basic* AMD Ryzen 5 Quad Core 7520U - (16 GB/512 GB ...",39990,52990,24,4.2,1271,1271,"https://www.flipkart.com/asus-vivobook-go-14-2025-office-2024-m365-basic-amd-ryzen-5-quad-core-7520u-16-gb-512-gb-ssd-windows-11-home-e1404fa-nk5541ws-thin-light-laptop/p/itme419148dae39c?pid=COMH9SJ9G3HZFQS3&lid=LSTCOMH9SJ9G3HZFQS3XQ3SG1&marketplace=FLIPKART&q=laptop&store=6bo%2Fb5g&srno=s_1_8&otracker=search&fm=organic&iid=bf6ea713-f462-4527-b397-61cb9a21250f.COMH9SJ9G3HZFQS3.SEARCH&ppt=None&ppn=None&ssid=jzmnspgksg0000001756572974591&qH=312f91285e048e09",https://www.flipkart.com/asus-vivobook-go-14-2025-office-2024-m365-basic-amd-ryzen-5-quad-core-7520u-16-gb-512-gb-ssd-windows-11-home-e1404fa-nk5541ws-thin-light-laptop/p/itme419148dae39c?pid=COMH9SJ9G3HZFQS3&lid=LSTCOMH9SJ9G3HZFQS3XQ3SG1&marketplace=FLIPKART&q=laptop&store=6bo%2Fb5g&srno=s_1_8&otracker=search&fm=organic&iid=bf6ea713-f462-4527-b397-61cb9a21250f.COMH9SJ9G3HZFQS3.SEARCH&ppt=None&ppn=None&ssid=jzmnspgksg0000001756572974591&qH=312f91285e048e09,"https://rukminim2.flixcart.com/image/312/312/xif0q/computer/d/n/3/-original-imah2y2teghzh7xe.jpeg?q=70",39990
flipkart,9,"Acer","Acer Aspire 3 Intel Celeron Dual Core N4500 - (8 GB/512 GB SSD/Windows 11 Home) A325-45 Thin and Light...",22990,33999,32,3.9,2910,2910,"https://www.flipkart.com/acer-aspire-3-intel-celeron-dual-core-n4500-8-gb-512-gb-ssd-windows-11-home-a325-45-thin-light-laptop/p/itm9ca67a1a3ea22?pid=COMH59ENQYHDYJGX&lid=LSTCOMH59ENQYHDYJGX1QWEL9&marketplace=FLIPKART&q=laptop&store=6bo%2Fb5g&srno=s_1_9&otracker=search&fm=organic&iid=bf6ea713-f462-4527-b397-61cb9a21250f.COMH59ENQYHDYJGX.SEARCH&ppt=None&ppn=None&ssid=jzmnspgksg0000001756572974591&qH=312f91285e048e09",https://www.flipkart.com/acer-aspire-3-intel-celeron-dual-core-n4500-8-gb-512-gb-ssd-windows-11-home-a325-45-thin-light-laptop/p/itm9ca67a1a3ea22?pid=COMH59ENQYHDYJGX&lid=LSTCOMH59ENQYHDYJGX1QWEL9&marketplace=FLIPKART&q=laptop&store=6bo%2Fb5g&srno=s_1_9&otracker=search&fm=organic&iid=bf6ea713-f462-4527-b397-61cb9a21250f.COMH59ENQYHDYJGX.SEARCH&ppt=None&ppn=None&ssid=jzmnspgksg0000001756572974591&qH=312f91285e048e09,"https://rukminim2.flixcart.com/image/312/312/xif0q/computer/5/x/1/a325-45-thin-and-light-laptop-acer-original-imah2tyffgnp8nmd.jpeg?q=70",22990
flipkart,10,"Asus","ASUS Chromebook Intel Celeron Dual Core N4500 - (4 GB/64 GB EMMC Storage/Chrome OS) CX1500CKA-NJ0393 C...",15990,32990,51,3.8,2813,2813,"https://www.flipkart.com/asus-chromebook-intel-celeron-dual-core-n4500-4-gb-64-gb-emmc-storage-chrome-os-cx1500cka-nj0393/p/itmc1d20ec9ce589?pid=COMGSHM3XESWZ6AT&lid=LSTCOMGSHM3XESWZ6ATX6DFIN&marketplace=FLIPKART&q=laptop&store=6bo%2Fb5g&srno=s_1_10&otracker=search&fm=organic&iid=bf6ea713-f462-4527-b397-61cb9a21250f.COMGSHM3XESWZ6AT.SEARCH&ppt=None&ppn=None&ssid=jzmnspgksg0000001756572974591&qH=312f91285e048e09",https://www.flipkart.com/asus-chromebook-intel-celeron-dual-core-n4500-4-gb-64-gb-emmc-storage-chrome-os-cx1500cka-nj0393/p/itmc1d20ec9ce589?pid=COMGSHM3XESWZ6AT&lid=LSTCOMGSHM3XESWZ6ATX6DFIN&marketplace=FLIPKART&q=laptop&store=6bo%2Fb5g&srno=s_1_10&otracker=search&fm=organic&iid=bf6ea713-f462-4527-b397-61cb9a21250f.COMGSHM3XESWZ6AT.SEARCH&ppt=None&ppn=None&ssid=jzmnspgksg0000001756572974591&qH=312f91285e048e09,"https://rukminim2.flixcart.com/image/312/312/xif0q/computer/t/n/3/cx1500cka-ej0275-chromebook-asus-original-imah2mw8nykenzdx.jpeg?q=70",15990
flipkart,11,"Lenovo","Lenovo IdeaPad Slim 3 Next Gen AI PC WUXGA IPS Copilot + PC Qualcomm Snapdragon X - (16 GB/512 GB SSD/...",59990,93490,35,4.1,21,21,"https://www.flipkart.com/lenovo-ideapad-slim-3-next-gen-ai-pc-wuxga-ips-copilot-qualcomm-snapdragon-x-16-gb-512-gb-ssd-windows-11-home-15q8x10-thin-light-laptop/p/itm097ac7e15511b?pid=COMHDMJYDGBTMJXG&lid=LSTCOMHDMJYDGBTMJXG8XSMNX&marketplace=FLIPKART&q=laptop&store=6bo%2Fb5g&srno=s_1_11&otracker=search&fm=organic&iid=en_R-T6g5_HzqnErr1f8NUTjKEPVNjkWIyPOj8EoprL-LRghY1qXx2ZdzD36cIaPO4L3vclwqTYoqS3BZIlO4oXruvN4Mn-dv-pi277bRzMbnY%3D&ppt=None&ppn=None&ssid=jzmnspgksg0000001756572974591&qH=312f91285e048e09",https://www.flipkart.com/lenovo-ideapad-slim-3-next-gen-ai-pc-wuxga-ips-copilot-qualcomm-snapdragon-x-16-gb-512-gb-ssd-windows-11-home-15q8x10-thin-light-laptop/p/itm097ac7e15511b?pid=COMHDMJYDGBTMJXG&lid=LSTCOMHDMJYDGBTMJXG8XSMNX&marketplace=FLIPKART&q=laptop&store=6bo%2Fb5g&srno=s_1_11&otracker=search&fm=organic&iid=en_R-T6g5_HzqnErr1f8NUTjKEPVNjkWIyPOj8EoprL-LRghY1qXx2ZdzD36cIaPO4L3vclwqTYoqS3BZIlO4oXruvN4Mn-dv-pi277bRzMbnY%3D&ppt=None&ppn=None&ssid=jzmnspgksg0000001756572974591&qH=312f91285e048e09,"https://rukminim2.flixcart.com/image/312/312/xif0q/computer/3/m/c/-original-imahf69gxga9dzu4.jpeg?q=70",59990
flipkart,12,"Asus","ASUS Expertbook P1 Intel Core i7 13th Gen 13620H - (16 GB/512 GB SSD/Windows 11 Home) P1503CVA-S71042W...",60990,99990,39,4.3,282,282,"https://www.flipkart.com/asus-expertbook-p1-intel-core-i7-13th-gen-13620h-16-gb-512-gb-ssd-windows-11-home-p1503cva-s71042ws-thin-light-laptop/p/itmaaf79b8a24f17?pid=COMH8Z2QK37PNMFZ&lid=LSTCOMH8Z2QK37PNMFZYXNPS4&marketplace=FLIPKART&q=laptop&store=6bo%2Fb5g&srno=s_1_12&otracker=search&fm=organic&iid=en_R-T6g5_HzqnErr1f8NUTjKEPVNjkWIyPOj8EoprL-LRiofqxZDR1UYfwIufKx_76B2BbReo51UB_FvKrDvm_CGaRs4JL222ZRV-dN99QnxU%3D&ppt=None&ppn=None&ssid=jzmnspgksg0000001756572974591&qH=312f91285e048e09",https://www.flipkart.com/asus-expertbook-p1-intel-core-i7-13th-gen-13620h-16-gb-512-gb-ssd-windows-11-home-p1503cva-s71042ws-thin-light-laptop/p/itmaaf79b8a24f17?pid=COMH8Z2QK37PNMFZ&lid=LSTCOMH8Z2QK37PNMFZYXNPS4&marketplace=FLIPKART&q=laptop&store=6bo%2Fb5g&srno=s_1_12&otracker=search&fm=organic&iid=en_R-T6g5_HzqnErr1f8NUTjKEPVNjkWIyPOj8EoprL-LRiofqxZDR1UYfwIufKx_76B2BbReo51UB_FvKrDvm_CGaRs4JL222ZRV-dN99QnxU%3D&ppt=None&ppn=None&ssid=jzmnspgksg0000001756572974591&qH=312f91285e048e09,"https://rukminim2.flixcart.com/image/312/312/xif0q/computer/t/y/x/-original-imahf69gdzbw4b4a.jpeg?q=70",60990
flipkart,13,"Acer","Acer Aspire 3 Intel Core i3 12th Gen 1215U - (8 GB/512 GB SSD/Windows 11 Home) A324-51 Thin and Light ...",27990,43000,34,4.2,3949,3949,"https://www.flipkart.com/acer-aspire-3-intel-core-i3-12th-gen-1215u-8-gb-512-gb-ssd-windows-11-home-a324-51-thin-light-laptop/p/itm7dda0a4d1d62a?pid=COMHY24RJH2YXVPG&lid=LSTCOMHY24RJH2YXVPGTVAAXW&marketplace=FLIPKART&q=laptop&store=6bo%2Fb5g&srno=s_1_13&otracker=search&fm=organic&iid=bf6ea713-f462-4527-b397-61cb9a21250f.COMHY24RJH2YXVPG.SEARCH&ppt=None&ppn=None&ssid=jzmnspgksg0000001756572974591&qH=312f91285e048e09",https://www.flipkart.com/acer-aspire-3-intel-core-i3-12th-gen-1215u-8-gb-512-gb-ssd-windows-11-home-a324-51-thin-light-laptop/p/itm7dda0a4d1d62a?pid=COMHY24RJH2YXVPG&lid=LSTCOMHY24RJH2YXVPGTVAAXW&marketplace=FLIPKART&q=laptop&store=6bo%2Fb5g&srno=s_1_13&otracker=search&fm=organic&iid=bf6ea713-f462-4527-b397-61cb9a21250f.COMHY24RJH2YXVPG.SEARCH&ppt=None&ppn=None&ssid=jzmnspgksg0000001756572974591&qH=312f91285e048e09,"https://rukminim2.flixcart.com/image/312/312/xif0q/computer/s/m/d/-original-imahf69gzschwnyr.jpeg?q=70",27990
flipkart,14,"Acer","Acer Aspire 3 Intel Celeron Dual Core - (8 GB/512 GB SSD/Windows 11 Home) A311-45 Thin and Light Lapto...",19990,35999,44,3.8,2304,2304,"https://www.flipkart.com/acer-aspire-3-intel-celeron-dual-core-8-gb-512-gb-ssd-windows-11-home-a311-45-thin-light-laptop/p/itmad38595c5a902?pid=COMH7NCZY2QDJ5Z4&lid=LSTCOMH7NCZY2QDJ5Z4RHDRWI&marketplace=FLIPKART&q=laptop&store=6bo%2Fb5g&srno=s_1_14&otracker=search&fm=organic&iid=bf6ea713-f462-4527-b397-61cb9a21250f.COMH7NCZY2QDJ5Z4.SEARCH&ppt=None&ppn=None&ssid=jzmnspgksg0000001756572974591&qH=312f91285e048e09",https://www.flipkart.com/acer-aspire-3-intel-celeron-dual-core-8-gb-512-gb-ssd-windows-11-home-a311-45-thin-light-laptop/p/itmad38595c5a902?pid=COMH7NCZY2QDJ5Z4&lid=LSTCOMH7NCZY2QDJ5Z4RHDRWI&marketplace=FLIPKART&q=laptop&store=6bo%2Fb5g&srno=s_1_14&otracker=search&fm=organic&iid=bf6ea713-f462-4527-b397-61cb9a21250f.COMH7NCZY2QDJ5Z4.SEARCH&ppt=None&ppn=None&ssid=jzmnspgksg0000001756572974591&qH=312f91285e048e09,"https://rukminim2.flixcart.com/image/312/312/xif0q/computer/i/x/k/-original-imahf69gf4bu5eyr.jpeg?q=70",19990
flipkart,15,"Samsung","Samsung Galaxy Book4 Metal Intel Core i3 13th Gen 1315U - (8 GB/512 GB SSD/Windows 11 Home) NP750XGJ-L...",37990,57499,33,4.5,5656,5656,"https://www.flipkart.com/samsung-galaxy-book4-metal-intel-core-i3-13th-gen-1315u-8-gb-512-gb-ssd-windows-11-home-np750xgj-lg4in-thin-light-laptop/p/itmc29d559898e6f?pid=COMH4Y6KKRC9YSWE&lid=LSTCOMH4Y6KKRC9YSWEHCUEXR&marketplace=FLIPKART&q=laptop&store=6bo%2Fb5g&spotlightTagId=default_BestsellerId_6bo%2Fb5g&srno=s_1_15&otracker=search&fm=organic&iid=bf6ea713-f462-4527-b397-61cb9a21250f.COMH4Y6KKRC9YSWE.SEARCH&ppt=None&ppn=None&ssid=jzmnspgksg0000001756572974591&qH=312f91285e048e09",https://www.flipkart.com/samsung-galaxy-book4-metal-intel-core-i3-13th-gen-1315u-8-gb-512-gb-ssd-windows-11-home-np750xgj-lg4in-thin-light-laptop/p/itmc29d559898e6f?pid=COMH4Y6KKRC9YSWE&lid=LSTCOMH4Y6KKRC9YSWEHCUEXR&marketplace=FLIPKART&q=laptop&store=6bo%2Fb5g&spotlightTagId=default_BestsellerId_6bo%2Fb5g&srno=s_1_15&otracker=search&fm=organic&iid=bf6ea713-f462-4527-b397-61cb9a21250f.COMH4Y6KKRC9YSWE.SEARCH&ppt=None&ppn=None&ssid=jzmnspgksg0000001756572974591&qH=312f91285e048e09,"https://rukminim2.flixcart.com/image/312/312/xif0q/computer/b/a/t/-original-imahf69gxwmj6kxh.jpeg?q=70",37990
flipkart,16,"Hp","HP Intel Core i5 13th Gen 1334U - (16 GB/1 TB SSD/Windows 11 Home) 15-fd0552TU Thin and Light Laptop",58990,76901,23,4.1,291,291,"https://www.flipkart.com/hp-intel-core-i5-13th-gen-1334u-16-gb-1-tb-ssd-windows-11-home-15-fd0552tu-thin-light-laptop/p/itm5d04d46c7dd8c?pid=COMHDFZT9GJZV5YS&lid=LSTCOMHDFZT9GJZV5YSBJEXOL&marketplace=FLIPKART&q=laptop&store=6bo%2Fb5g&srno=s_1_16&otracker=search&fm=organic&iid=bf6ea713-f462-4527-b397-61cb9a21250f.COMHDFZT9GJZV5YS.SEARCH&ppt=None&ppn=None&ssid=jzmnspgksg0000001756572974591&qH=312f91285e048e09",https://www.flipkart.com/hp-intel-core-i5-13th-gen-1334u-16-gb-1-tb-ssd-windows-11-home-15-fd0552tu-thin-light-laptop/p/itm5d04d46c7dd8c?pid=COMHDFZT9GJZV5YS&lid=LSTCOMHDFZT9GJZV5YSBJEXOL&marketplace=FLIPKART&q=laptop&store=6bo%2Fb5g&srno=s_1_16&otracker=search&fm=organic&iid=bf6ea713-f462-4527-b397-61cb9a21250f.COMHDFZT9GJZV5YS.SEARCH&ppt=None&ppn=None&ssid=jzmnspgksg0000001756572974591&qH=312f91285e048e09,"https://rukminim2.flixcart.com/image/312/312/xif0q/computer/m/p/j/-original-imahdvrtwjr7gfn2.jpeg?q=70",58990
flipkart,17,"Asus","ASUS Vivobook S14 (2025) with Office 2024 + M365 Basic*, Metallic Design, Copilot+ PC Qualcomm Snapdra...",67990,92990,26,4.4,31,31,"https://www.flipkart.com/asus-vivobook-s14-2025-office-2024-m365-basic-metallic-design-copilot-pc-qualcomm-snapdragon-x-16-gb-512-gb-ssd-windows-11-home-s3407qa-kp020ws-thin-light-laptop/p/itm4be832c0c07b8?pid=COMH9SJ9VPQXUK6T&lid=LSTCOMH9SJ9VPQXUK6TMHCHDN&marketplace=FLIPKART&q=laptop&store=6bo%2Fb5g&srno=s_1_17&otracker=search&fm=organic&iid=en_R-T6g5_HzqnErr1f8NUTjKEPVNjkWIyPOj8EoprL-LSWSiwhmzPyo16u8yXh0CVGB0d7K1XseDTvnI_JSbtFYq8iqbiwhGf4dwbXVx7ZSks%3D&ppt=None&ppn=None&ssid=jzmnspgksg0000001756572974591&qH=312f91285e048e09",https://www.flipkart.com/asus-vivobook-s14-2025-office-2024-m365-basic-metallic-design-copilot-pc-qualcomm-snapdragon-x-16-gb-512-gb-ssd-windows-11-home-s3407qa-kp020ws-thin-light-laptop/p/itm4be832c0c07b8?pid=COMH9SJ9VPQXUK6T&lid=LSTCOMH9SJ9VPQXUK6TMHCHDN&marketplace=FLIPKART&q=laptop&store=6bo%2Fb5g&srno=s_1_17&otracker=search&fm=organic&iid=en_R-T6g5_HzqnErr1f8NUTjKEPVNjkWIyPOj8EoprL-LSWSiwhmzPyo16u8yXh0CVGB0d7K1XseDTvnI_JSbtFYq8iqbiwhGf4dwbXVx7ZSks%3D&ppt=None&ppn=None&ssid=jzmnspgksg0000001756572974591&qH=312f91285e048e09,"https://rukminim2.flixcart.com/image/312/312/xif0q/computer/w/u/5/-original-imahf69hcu2edpvx.jpeg?q=70",67990
flipkart,18,"Asus","ASUS Expertbook P1 Intel Core i5 13th Gen 13420H - (16 GB/512 GB SSD/Windows 11 Home) P1503CVA-S70611W...",50990,89990,43,4.3,971,971,"https://www.flipkart.com/asus-expertbook-p1-intel-core-i5-13th-gen-13420h-16-gb-512-gb-ssd-windows-11-home-p1503cva-s70611ws-thin-light-laptop/p/itmf788da016f665?pid=COMH8Z2QRZVVN2RZ&lid=LSTCOMH8Z2QRZVVN2RZ9WYQBV&marketplace=FLIPKART&q=laptop&store=6bo%2Fb5g&srno=s_1_18&otracker=search&fm=organic&iid=en_R-T6g5_HzqnErr1f8NUTjKEPVNjkWIyPOj8EoprL-LQgYop1oYVOblL3iH-mC-v9aQQR2H-dsSy0TW4oiO0V-PKSJvID5C-RdFfAlzwDiqI%3D&ppt=None&ppn=None&ssid=jzmnspgksg0000001756572974591&qH=312f91285e048e09",https://www.flipkart.com/asus-expertbook-p1-intel-core-i5-13th-gen-13420h-16-gb-512-gb-ssd-windows-11-home-p1503cva-s70611ws-thin-light-laptop/p/itmf788da016f665?pid=COMH8Z2QRZVVN2RZ&lid=LSTCOMH8Z2QRZVVN2RZ9WYQBV&marketplace=FLIPKART&q=laptop&store=6bo%2Fb5g&srno=s_1_18&otracker=search&fm=organic&iid=en_R-T6g5_HzqnErr1f8NUTjKEPVNjkWIyPOj8EoprL-LQgYop1oYVOblL3iH-mC-v9aQQR2H-dsSy0TW4oiO0V-PKSJvID5C-RdFfAlzwDiqI%3D&ppt=None&ppn=None&ssid=jzmnspgksg0000001756572974591&qH=312f91285e048e09,"https://rukminim2.flixcart.com/image/312/312/xif0q/computer/h/z/s/-original-imahf69gzmzr5zp7.jpeg?q=70",50990
flipkart,19,"Asus","ASUS Chromebook Intel Celeron Dual Core N4500 - (4 GB/128 GB EMMC Storage/Chrome OS) CX1500CKA-NJ0413 ...",16490,32990,50,3.8,3244,3244,"https://www.flipkart.com/asus-chromebook-intel-celeron-dual-core-n4500-4-gb-128-gb-emmc-storage-chrome-os-cx1500cka-nj0413/p/itmc1d20ec9ce589?pid=COMGSHM3XZGQ5MGT&lid=LSTCOMGSHM3XZGQ5MGTME70B6&marketplace=FLIPKART&q=laptop&store=6bo%2Fb5g&srno=s_1_19&otracker=search&fm=organic&iid=bf6ea713-f462-4527-b397-61cb9a21250f.COMGSHM3XZGQ5MGT.SEARCH&ppt=None&ppn=None&ssid=jzmnspgksg0000001756572974591&qH=312f91285e048e09",https://www.flipkart.com/asus-chromebook-intel-celeron-dual-core-n4500-4-gb-128-gb-emmc-storage-chrome-os-cx1500cka-nj0413/p/itmc1d20ec9ce589?pid=COMGSHM3XZGQ5MGT&lid=LSTCOMGSHM3XZGQ5MGTME70B6&marketplace=FLIPKART&q=laptop&store=6bo%2Fb5g&srno=s_1_19&otracker=search&fm=organic&iid=bf6ea713-f462-4527-b397-61cb9a21250f.COMGSHM3XZGQ5MGT.SEARCH&ppt=None&ppn=None&ssid=jzmnspgksg0000001756572974591&qH=312f91285e048e09,"https://rukminim2.flixcart.com/image/312/312/xif0q/computer/t/n/3/cx1500cka-ej0275-chromebook-asus-original-imah2mw8nykenzdx.jpeg?q=70",16490
flipkart,20,"Asus","ASUS Vivobook 15, with Backlit Keyboard, Intel Core i5 12th Gen 1235U - (16 GB/512 GB SSD/Windows 11 H...",44990,74990,40,4.2,1250,1250,"https://www.flipkart.com/asus-vivobook-15-backlit-keyboard-intel-core-i5-12th-gen-1235u-16-gb-512-gb-ssd-windows-11-home-x1504za-nj541ws-thin-light-laptop/p/itmff0e170cb596e?pid=COMGYSFGGGHDK27Q&lid=LSTCOMGYSFGGGHDK27QWBODEB&marketplace=FLIPKART&q=laptop&store=6bo%2Fb5g&srno=s_1_20&otracker=search&fm=organic&iid=bf6ea713-f462-4527-b397-61cb9a21250f.COMGYSFGGGHDK27Q.SEARCH&ppt=None&ppn=None&ssid=jzmnspgksg0000001756572974591&qH=312f91285e048e09",https://www.flipkart.com/asus-vivobook-15-backlit-keyboard-intel-core-i5-12th-gen-1235u-16-gb-512-gb-ssd-windows-11-home-x1504za-nj541ws-thin-light-laptop/p/itmff0e170cb596e?pid=COMGYSFGGGHDK27Q&lid=LSTCOMGYSFGGGHDK27QWBODEB&marketplace=FLIPKART&q=laptop&store=6bo%2Fb5g&srno=s_1_20&otracker=search&fm=organic&iid=bf6ea713-f462-4527-b397-61cb9a21250f.COMGYSFGGGHDK27Q.SEARCH&ppt=None&ppn=None&ssid=jzmnspgksg0000001756572974591&qH=312f91285e048e09,"https://rukminim2.flixcart.com/image/312/312/xif0q/computer/c/2/1/-original-imahcd9jfzdtc8he.jpeg?q=70",44990
flipkart,21,"Asus","ASUS Expertbook P1 Intel Core i5 13th Gen 13420H - (32 GB/512 GB SSD/Windows 11 Home) P1403CVA-S60939W...",56990,114990,50,4.3,971,971,"https://www.flipkart.com/asus-expertbook-p1-intel-core-i5-13th-gen-13420h-32-gb-512-gb-ssd-windows-11-home-p1403cva-s60939ws-thin-light-laptop/p/itm50988c1fc56e6?pid=COMH8Z2QGRVBX4AF&lid=LSTCOMH8Z2QGRVBX4AF72IMNQ&marketplace=FLIPKART&q=laptop&store=6bo%2Fb5g&srno=s_1_21&otracker=search&fm=organic&iid=en_R-T6g5_HzqnErr1f8NUTjKEPVNjkWIyPOj8EoprL-LRZhUxrUio8ZUUYvtPV_8_ywVHwOYmXYK81cyWCN3b2_MsrgPW5YLzJU0_H6_RHKR0%3D&ppt=None&ppn=None&ssid=jzmnspgksg0000001756572974591&qH=312f91285e048e09",https://www.flipkart.com/asus-expertbook-p1-intel-core-i5-13th-gen-13420h-32-gb-512-gb-ssd-windows-11-home-p1403cva-s60939ws-thin-light-laptop/p/itm50988c1fc56e6?pid=COMH8Z2QGRVBX4AF&lid=LSTCOMH8Z2QGRVBX4AF72IMNQ&marketplace=FLIPKART&q=laptop&store=6bo%2Fb5g&srno=s_1_21&otracker=search&fm=organic&iid=en_R-T6g5_HzqnErr1f8NUTjKEPVNjkWIyPOj8EoprL-LRZhUxrUio8ZUUYvtPV_8_ywVHwOYmXYK81cyWCN3b2_MsrgPW5YLzJU0_H6_RHKR0%3D&ppt=None&ppn=None&ssid=jzmnspgksg0000001756572974591&qH=312f91285e048e09,"https://rukminim2.flixcart.com/image/312/312/xif0q/computer/l/d/t/-original-imahf69hufafb87t.jpeg?q=70",56990
flipkart,22,"Asus","ASUS Expertbook P5 full metal AI PC Intel Core Ultra 5 226V - (16 GB/1 TB SSD/Windows 11 Home) P5405CS...",88990,179990,50,4.1,27,27,"https://www.flipkart.com/asus-expertbook-p5-full-metal-ai-pc-intel-core-ultra-5-226v-16-gb-1-tb-ssd-windows-11-home-p5405csa-nz0583ws-thin-light-laptop/p/itma1ac02151fd7c?pid=COMH9C7XDX5XMQNA&lid=LSTCOMH9C7XDX5XMQNARDBRSO&marketplace=FLIPKART&q=laptop&store=6bo%2Fb5g&srno=s_1_22&otracker=search&fm=organic&iid=en_R-T6g5_HzqnErr1f8NUTjKEPVNjkWIyPOj8EoprL-LTFlsbRDjkB8Uu0xdeGBbk2NQe4awJDka-TA2QFHv6EP8DbPjpExlWhmpgUQnOg2ao%3D&ppt=None&ppn=None&ssid=jzmnspgksg0000001756572974591&qH=312f91285e048e09",https://www.flipkart.com/asus-expertbook-p5-full-metal-ai-pc-intel-core-ultra-5-226v-16-gb-1-tb-ssd-windows-11-home-p5405csa-nz0583ws-thin-light-laptop/p/itma1ac02151fd7c?pid=COMH9C7XDX5XMQNA&lid=LSTCOMH9C7XDX5XMQNARDBRSO&marketplace=FLIPKART&q=laptop&store=6bo%2Fb5g&srno=s_1_22&otracker=search&fm=organic&iid=en_R-T6g5_HzqnErr1f8NUTjKEPVNjkWIyPOj8EoprL-LTFlsbRDjkB8Uu0xdeGBbk2NQe4awJDka-TA2QFHv6EP8DbPjpExlWhmpgUQnOg2ao%3D&ppt=None&ppn=None&ssid=jzmnspgksg0000001756572974591&qH=312f91285e048e09,"https://rukminim2.flixcart.com/image/312/312/xif0q/computer/k/3/n/-original-imahf69gvypszzyz.jpeg?q=70",88990
flipkart,23,"Asus","ASUS Vivobook S14 (2025) with Office 2024 + M365 Basic*, Metallic Design, H-Series Intel Core i5 13th ...",58990,84990,30,4.3,184,184,"https://www.flipkart.com/asus-vivobook-s14-2025-office-2024-m365-basic-metallic-design-h-series-intel-core-i5-13th-gen-13420h-16-gb-512-gb-ssd-windows-11-home-s3407va-ly037ws-thin-light-laptop/p/itm820c07740b4c9?pid=COMH9SJ9VCEQJCSX&lid=LSTCOMH9SJ9VCEQJCSXBL2HSQ&marketplace=FLIPKART&q=laptop&store=6bo%2Fb5g&srno=s_1_23&otracker=search&fm=organic&iid=bf6ea713-f462-4527-b397-61cb9a21250f.COMH9SJ9VCEQJCSX.SEARCH&ppt=None&ppn=None&ssid=jzmnspgksg0000001756572974591&qH=312f91285e048e09",https://www.flipkart.com/asus-vivobook-s14-2025-office-2024-m365-basic-metallic-design-h-series-intel-core-i5-13th-gen-13420h-16-gb-512-gb-ssd-windows-11-home-s3407va-ly037ws-thin-light-laptop/p/itm820c07740b4c9?pid=COMH9SJ9VCEQJCSX&lid=LSTCOMH9SJ9VCEQJCSXBL2HSQ&marketplace=FLIPKART&q=laptop&store=6bo%2Fb5g&srno=s_1_23&otracker=search&fm=organic&iid=bf6ea713-f462-4527-b397-61cb9a21250f.COMH9SJ9VCEQJCSX.SEARCH&ppt=None&ppn=None&ssid=jzmnspgksg0000001756572974591&qH=312f91285e048e09,"https://rukminim2.flixcart.com/image/312/312/xif0q/computer/b/o/6/-original-imahf69gakmnzkrq.jpeg?q=70",58990
flipkart,24,"Lenovo","Lenovo IdeaPad Slim 3 Backlit Intel Core i5 12th Gen 12450H - (16 GB/512 GB SSD/Windows 11 Home) 15IAH...",48990,78590,37,4.2,842,842,"https://www.flipkart.com/lenovo-ideapad-slim-3-backlit-intel-core-i5-12th-gen-12450h-16-gb-512-gb-ssd-windows-11-home-15iah8-thin-light-laptop/p/itm76f0e5d975817?pid=COMGVQ2Y3ENU2RNV&lid=LSTCOMGVQ2Y3ENU2RNV6DRZRD&marketplace=FLIPKART&q=laptop&store=6bo%2Fb5g&srno=s_1_24&otracker=search&fm=organic&iid=bf6ea713-f462-4527-b397-61cb9a21250f.COMGVQ2Y3ENU2RNV.SEARCH&ppt=None&ppn=None&ssid=jzmnspgksg0000001756572974591&qH=312f91285e048e09",https://www.flipkart.com/lenovo-ideapad-slim-3-backlit-intel-core-i5-12th-gen-12450h-16-gb-512-gb-ssd-windows-11-home-15iah8-thin-light-laptop/p/itm76f0e5d975817?pid=COMGVQ2Y3ENU2RNV&lid=LSTCOMGVQ2Y3ENU2RNV6DRZRD&marketplace=FLIPKART&q=laptop&store=6bo%2Fb5g&srno=s_1_24&otracker=search&fm=organic&iid=bf6ea713-f462-4527-b397-61cb9a21250f.COMGVQ2Y3ENU2RNV.SEARCH&ppt=None&ppn=None&ssid=jzmnspgksg0000001756572974591&qH=312f91285e048e09,"https://rukminim2.flixcart.com/image/312/312/xif0q/computer/e/c/x/-original-imahex3tcf4pzxej.jpeg?q=70",48990
myntra,1,"Sugathari","Puff Sleeves A-Line Midi Dress",649,2029,68,4.2,155,155,"https://www.myntra.com/dresses/sugathari/sugathari-puff-sleeves-a-line-midi-dress/33729215/buy",https://www.myntra.com/dresses/sugathari/sugathari-puff-sleeves-a-line-midi-dress/33729215/buy,"https://assets.myntassets.com/dpr_2,q_60,w_210,c_limit,fl_progressive/assets/images/2025/APRIL/22/5imyxpJO_01ad94d5c0ee4bd5a94c5454a6a17a0d.jpg",
myntra,2,"Claura","Women Fit & Flare Midi Dress",724,2899,75,4.3,3,3,"https://www.myntra.com/dresses/claura/claura-women-floral-printed--fit--flare-midi-dress/31375705/buy",https://www.myntra.com/dresses/claura/claura-women-floral-printed--fit--flare-midi-dress/31375705/buy,"https://assets.myntassets.com/dpr_2,q_60,w_210,c_limit,fl_progressive/assets/images/2024/OCTOBER/21/6yluxQL3_d01b23632c1c409ba30c65d6ecb9ca15.jpg",
myntra,3,"Anthrilo","Girls A-Line Dress",703,1599,56,4.5,53,53,"https://www.myntra.com/dresses/anthrilo/anthrilo-girls-print-summer-bow-pink-frill---off-white-a-line-dress/33198162/buy",https://www.myntra.com/dresses/anthrilo/anthrilo-girls-print-summer-bow-pink-frill---off-white-a-line-dress/33198162/buy,"https://assets.myntassets.com/dpr_2,q_60,w_210,c_limit,fl_progressive/assets/images/2025/MARCH/13/ZxfLsk8i_1a0d528824a04b76b46cf9ac95f31153.jpg",
myntra,4,"BAESD","Fit & Flare Net Dress",419,1999,79,4.3,1,1,"https://www.myntra.com/dresses/baesd/baesd-flutter-sleeve-net-puff-sleeves-fit--flare-dress/29524966/buy",https://www.myntra.com/dresses/baesd/baesd-flutter-sleeve-net-puff-sleeves-fit--flare-dress/29524966/buy,"https://assets.myntassets.com/dpr_2,q_60,w_210,c_limit,fl_progressive/assets/images/29524966/2024/5/13/3658e688-470e-4cd0-9294-2065ddb8ab751715622996827BAESDFlutterSleeveNetFitFlareDress1.jpg",
myntra,5,"KALINI","Floral Print A-Line Dress",772,2663,71,,,,"https://www.myntra.com/dresses/kalini/kalini-floral-print-a-line-dress/35720169/buy",https://www.myntra.com/dresses/kalini/kalini-floral-print-a-line-dress/35720169/buy,"https://assets.myntassets.com/dpr_2,q_60,w_210,c_limit,fl_progressive/assets/images/2025/JULY/16/UMyt90YH_9053cf291aa844919a907d14c3ef0bd6.jpg",
myntra,6,"Berrylush","Cowl Neck Maxi Dress",912,1449,37,4.2,722,722,"https://www.myntra.com/dresses/berrylush/berrylush-red-cowl-neck-shoulder-straps-lace-up-maxi-dress/23815418/buy",https://www.myntra.com/dresses/berrylush/berrylush-red-cowl-neck-shoulder-straps-lace-up-maxi-dress/23815418/buy,"https://assets.myntassets.com/dpr_2,q_60,w_210,c_limit,fl_progressive/assets/images/23815418/2023/6/29/998444a1-4227-4368-bbf3-05fa28200c171688054084797BerrylushRedMaxiDress5.jpg",
myntra,7,"Stylum","Floral Print Fit & Flare Maxi Dress",757,2899,2142,4.2,4,4,"https://www.myntra.com/dresses/stylum/stylum-floral-print-fit--flare-maxi-dress/30722822/buy",https://www.myntra.com/dresses/stylum/stylum-floral-print-fit--flare-maxi-dress/30722822/buy,"https://assets.myntassets.com/dpr_2,q_60,w_210,c_limit,fl_progressive/assets/images/2024/AUGUST/26/o3koKWHF_97d3912bdd2a4e2fa29356d5aaf6c21d.jpg",
myntra,8,"DRAPE AND DAZZLE","Printed Smocked Maxi Dress",791,3599,78,4.2,1,1,"https://www.myntra.com/dresses/drape+and+dazzle/drape-and-dazzle-floral-printed-smocked-maxi-dress/29495842/buy",https://www.myntra.com/dresses/drape+and+dazzle/drape-and-dazzle-floral-printed-smocked-maxi-dress/29495842/buy,"https://assets.myntassets.com/dpr_2,q_60,w_210,c_limit,fl_progressive/assets/images/29495842/2024/5/13/9f8682c6-317d-40f9-a9cc-a2eb573128331715575981554DRAPEANDDAZZLEFloralPrintFlaredSleeveChiffonMaxiDress1.jpg",
myntra,9,"HERE&NOW","Cotton Drop-Waist Dress",1109,2999,63,,,,"https://www.myntra.com/dresses/here%26now/herenow-geometric-printed-puff-sleeves-cotton-drop-waist-a-line-dress/31358325/buy",https://www.myntra.com/dresses/here%26now/herenow-geometric-printed-puff-sleeves-cotton-drop-waist-a-line-dress/31358325/buy,"https://assets.myntassets.com/dpr_2,q_60,w_210,c_limit,fl_progressive/assets/images/31358325/2025/3/24/c6962984-669f-4e91-b4d0-db556536285c1742805280780-HERENOW-Women-Dresses-5771742805280169-1.jpg",
myntra,10,"AASK","Chevron Printed Midi Dress",649,2596,75,,,,"https://www.myntra.com/dresses/aask/aask-chevron-printed-puff-sleeves-fit--flare-midi-dress/36608719/buy",https://www.myntra.com/dresses/aask/aask-chevron-printed-puff-sleeves-fit--flare-midi-dress/36608719/buy,"https://assets.myntassets.com/dpr_2,q_60,w_210,c_limit,fl_progressive/assets/images/2025/AUGUST/26/WvjT5MJw_9aa6e929b71e4ff0b21e616e26815ee0.jpg",
myntra,11,"MD ENTERPRISE","Embroidered Sleeveless Dress",599,1999,1400,3.7,32,32,"https://www.myntra.com/dresses/md+enterprise/md-enterprise-embroidered-sleeveless-dress/34919262/buy",https://www.myntra.com/dresses/md+enterprise/md-enterprise-embroidered-sleeveless-dress/34919262/buy,"https://assets.myntassets.com/dpr_2,q_60,w_210,c_limit,fl_progressive/assets/images/2025/JUNE/13/RCBC8kuH_0c237ca4353a427294ea941262d141e4.jpg",
myntra,12,"Here&Now X Game Begins","Girls Cotton Fit & Flare Dress",304,1049,71,4.6,36,36,"https://www.myntra.com/dresses/here%26now+x+game+begins/herenow-x-game-begins-girls-tropical-printed-pure-cotton-fit--flare-dress/30008210/buy",https://www.myntra.com/dresses/here%26now+x+game+begins/herenow-x-game-begins-girls-tropical-printed-pure-cotton-fit--flare-dress/30008210/buy,"https://assets.myntassets.com/dpr_2,q_60,w_210,c_limit,fl_progressive/assets/images/30008210/2024/7/8/6995819d-4b7a-46f4-8f43-b80b2b5d15921720434790227HereNowXGameBeginsDressesFrocksforGirlsinPinkcolorforcasualc1.jpg",
myntra,13,"BAESD","Girls Net Fit & Flare Dress",419,1999,79,4.2,2,2,"https://www.myntra.com/dresses/baesd/baesd-girls-floral-flutter-sleeve-net-fit--flare-dress/29524964/buy",https://www.myntra.com/dresses/baesd/baesd-girls-floral-flutter-sleeve-net-fit--flare-dress/29524964/buy,"https://assets.myntassets.com/dpr_2,q_60,w_210,c_limit,fl_progressive/assets/images/29524964/2024/5/14/28f21d13-9753-4337-b032-e41403e6eb3e1715663385068BAESDFloralFlutterSleeveNetFitFlareDress1.jpg",
myntra,14,"SASSAFRAS Curve","Midi Dress",924,2498,63,4.2,122,122,"https://www.myntra.com/dresses/sassafras+curve/sassafras-curve-midi-dress/30961231/buy",https://www.myntra.com/dresses/sassafras+curve/sassafras-curve-midi-dress/30961231/buy,"https://assets.myntassets.com/dpr_2,q_60,w_210,c_limit,fl_progressive/assets/images/2024/SEPTEMBER/16/VUQS5UaF_2e7cb1b92be841b186207e22ce9c3505.jpg",
myntra,15,"MomToBe","Women Printed A-Line Dress",999,4330,3331,,,,"https://www.myntra.com/dresses/momtobe/momtobe-women-botanical-printed-maternity-dress/36390456/buy",https://www.myntra.com/dresses/momtobe/momtobe-women-botanical-printed-maternity-dress/36390456/buy,"https://assets.myntassets.com/dpr_2,q_60,w_210,c_limit,fl_progressive/assets/images/2025/AUGUST/13/d86TpgPN_e67f13aa7a0b4400aef4b75be2a42b48.jpg",
myntra,16,"R.Code by The Roadster Life Co.","Printed Velvet Maxi Dress",799,2599,1800,,,,"https://www.myntra.com/dresses/r.code+by+the+roadster+life+co./rcode-by-the-roadster-life-co-floral-printed-square-neck-velvet-maxi-dress/36392942/buy",https://www.myntra.com/dresses/r.code+by+the+roadster+life+co./rcode-by-the-roadster-life-co-floral-printed-square-neck-velvet-maxi-dress/36392942/buy,"https://assets.myntassets.com/dpr_2,q_60,w_210,c_limit,fl_progressive/assets/images/2025/AUGUST/13/2OHz74q4_7c3476c06ead4372b2fe0bbb874646c2.jpg",
myntra,17,"Athena","Ruffled Detailed Maxi Dress",979,2799,65,4.1,2,2,"https://www.myntra.com/dresses/athena/athena-black-square-neck-flutter-sleeves-ruffled-detailed-maxi-dress/27234078/buy",https://www.myntra.com/dresses/athena/athena-black-square-neck-flutter-sleeves-ruffled-detailed-maxi-dress/27234078/buy,"https://assets.myntassets.com/dpr_2,q_60,w_210,c_limit,fl_progressive/assets/images/27234078/2024/1/30/f4fb6d43-8933-4fb8-95eb-5a92f94ac2131706609515097AthenaRuffledGeorgetteMaxiDress1.jpg",
myntra,18,"MomToBe","Floral Print Midi Dress",999,4164,76,,,,"https://www.myntra.com/dresses/momtobe/momtobe-women-floral-print-puff-sleeve-maternity-fit-and-flare-midi-dress/36390455/buy",https://www.myntra.com/dresses/momtobe/momtobe-women-floral-print-puff-sleeve-maternity-fit-and-flare-midi-dress/36390455/buy,"https://assets.myntassets.com/dpr_2,q_60,w_210,c_limit,fl_progressive/assets/images/2025/AUGUST/13/WsmJFWHo_074d35ffca9340bd9c67e5a71704cd04.jpg",
myntra,19,"YK","Girls A-Line Dress",329,1099,70,3.5,34,34,"https://www.myntra.com/dresses/yk/yk-girls-self-design-bow-detail-a-line-dress/31855253/buy",https://www.myntra.com/dresses/yk/yk-girls-self-design-bow-detail-a-line-dress/31855253/buy,"",
myntra,20,"Miss & Chief","Embellished A-Line Dress",379,1999,81,3.4,164,164,"https://www.myntra.com/dresses/miss+%26+chief/miss--chief-embellished-a-line-dress/32293619/buy",https://www.myntra.com/dresses/miss+%26+chief/miss--chief-embellished-a-line-dress/32293619/buy,"",
myntra,21,"KALINI","Cotton Opaque Casual Dress",719,3999,3280,4.3,953,953,"https://www.myntra.com/dresses/kalini/kalini-floral-printed-v-neck-empire-cotton-opaque-casual-dress/27628440/buy",https://www.myntra.com/dresses/kalini/kalini-floral-printed-v-neck-empire-cotton-opaque-casual-dress/27628440/buy,"",
myntra,22,"AASK","Women Self-Design Dress",649,2596,75,,,,"https://www.myntra.com/dresses/aask/aask-women-self-design-fit-and-flare-midi-dress/36608780/buy",https://www.myntra.com/dresses/aask/aask-women-self-design-fit-and-flare-midi-dress/36608780/buy,"",
myntra,23,"TIARA WORLD","Girls Puff Sleeve A-Line Dress",599,999,40,3.2,44,44,"https://www.myntra.com/dresses/tiara+world/tiara-world-girls-square-neck-puff-sleeve-denim-a-line-dress/35238071/buy",https://www.myntra.com/dresses/tiara+world/tiara-world-girls-square-neck-puff-sleeve-denim-a-line-dress/35238071/buy,"",
myntra,24,"Divena","Floral Midi Dress",987,2599,62,4.3,482,482,"https://www.myntra.com/dresses/divena/divena-red--white-floral-midi-dress/18088538/buy",https://www.myntra.com/dresses/divena/divena-red--white-floral-midi-dress/18088538/buy,"",
myntra,25,"Miss & Chief","Girls Printed Net A-Line Dress",499,1999,75,3.6,12,12,"https://www.myntra.com/dresses/miss+%26+chief/miss--chief-girls-floral-printed-shirt-collar-net-a-line-dress-with-bow/34757221/buy",https://www.myntra.com/dresses/miss+%26+chief/miss--chief-girls-floral-printed-shirt-collar-net-a-line-dress-with-bow/34757221/buy,"",
myntra,26,"Claura","Mandarin Collar A-Line Dress",724,2899,75,4.3,2,2,"https://www.myntra.com/dresses/claura/claura-women-abstract-printed-mandarin-collar-a-line-dress/31080404/buy",https://www.myntra.com/dresses/claura/claura-women-abstract-printed-mandarin-collar-a-line-dress/31080404/buy,"",
myntra,27,"Anthrilo","Girls Bow Frill Dress",703,1599,56,4.1,38,38,"https://www.myntra.com/dresses/anthrilo/anthrilo-girls-summer-black-bow-frill-dress-off-white/33198165/buy",https://www.myntra.com/dresses/anthrilo/anthrilo-girls-summer-black-bow-frill-dress-off-white/33198165/buy,"",
myntra,28,"STUMBLE FASHION","Kids-Girls Other Dresses",499,999,500,,,,"https://www.myntra.com/dresses/stumble+fashion/stumble-fashion-kids-girls-other--dresses/36422530/buy",https://www.myntra.com/dresses/stumble+fashion/stumble-fashion-kids-girls-other--dresses/36422530/buy,"",
myntra,29,"BAESD","Girls Printed Midi Dress",419,1999,79,3.6,186,186,"https://www.myntra.com/dresses/baesd/baesd-girls-printed-tie-and-dye-midi-dress/33595109/buy",https://www.myntra.com/dresses/baesd/baesd-girls-printed-tie-and-dye-midi-dress/33595109/buy,"",
myntra,30,"MomToBe","Rayon Maternity Maxi Dress",1249,4997,75,,,,"https://www.myntra.com/dresses/momtobe/momtobe-women-navy-geometric-print-rayon-maternity-maxi-dress/36390454/buy",https://www.myntra.com/dresses/momtobe/momtobe-women-navy-geometric-print-rayon-maternity-maxi-dress/36390454/buy,"",
myntra,31,"Azira","Fit & Flare Dress With Jacket",999,3199,2200,4.3,378,378,"https://www.myntra.com/dresses/azira/azira-fit--flare-midi-dress-with-jacket/32606426/buy",https://www.myntra.com/dresses/azira/azira-fit--flare-midi-dress-with-jacket/32606426/buy,"",
myntra,32,"EASY MOM","A-Line Midi Dress",1109,2999,63,4.3,535,535,"https://www.myntra.com/dresses/easy+mom/easy-mom-women-maternity-a-line-midi-dress/31023091/buy",https://www.myntra.com/dresses/easy+mom/easy-mom-women-maternity-a-line-midi-dress/31023091/buy,"",
myntra,33,"DressBerry Bizwear","Wrap-Style Sheath Dress",840,2899,71,4.2,13,13,"https://www.myntra.com/dresses/dressberry+bizwear/dressberry-bizwear-wrap-style-sheath-dress/29843711/buy",https://www.myntra.com/dresses/dressberry+bizwear/dressberry-bizwear-wrap-style-sheath-dress/29843711/buy,"",
myntra,34,"ShopperTree","Striped Balloon Dress",384,1099,65,,,,"https://www.myntra.com/dresses/shoppertree/shoppertree-striped-balloon-dress/35692539/buy",https://www.myntra.com/dresses/shoppertree/shoppertree-striped-balloon-dress/35692539/buy,"",
myntra,35,"Sangria","Printed Cotton A-Line Dress",598,2990,80,4.2,324,324,"https://www.myntra.com/dresses/sangria/sangria-girls-printed-schiffli-cotton-a-line-dress/29988481/buy",https://www.myntra.com/dresses/sangria/sangria-girls-printed-schiffli-cotton-a-line-dress/29988481/buy,"",
myntra,36,"MomToBe","Printed A-Line Maternity Dress",999,4330,3331,,,,"https://www.myntra.com/dresses/momtobe/momtobe-women-ethnic-motifs-printed-gathered-or-pleated-liva-a-line-maternity-dress/36390460/buy",https://www.myntra.com/dresses/momtobe/momtobe-women-ethnic-motifs-printed-gathered-or-pleated-liva-a-line-maternity-dress/36390460/buy,"",
myntra,37,"Athena","Midi One Shoulder Dress",974,2499,61,4.1,503,503,"https://www.myntra.com/dresses/athena/athena-one-shoulder-scuba-bodycon-midi-dress/30640473/buy",https://www.myntra.com/dresses/athena/athena-one-shoulder-scuba-bodycon-midi-dress/30640473/buy,"",
myntra,38,"Azira","Embroidered Tiered Dress",1099,2999,1900,4.4,947,947,"https://www.myntra.com/dresses/azira/azira-floral-embroidered--v-neck-bell-sleeves-empire-fit--flare-tiered-dress/27443684/buy",https://www.myntra.com/dresses/azira/azira-floral-embroidered--v-neck-bell-sleeves-empire-fit--flare-tiered-dress/27443684/buy,"",
myntra,39,"MomToBe","Bell Sleeve Maternity Dress",999,4330,3331,,,,"https://www.myntra.com/dresses/momtobe/momtobe-women-black-floral-rayon-bell-sleeve-maternity-dress/36390461/buy",https://www.myntra.com/dresses/momtobe/momtobe-women-black-floral-rayon-bell-sleeve-maternity-dress/36390461/buy,"",
myntra,40,"MeeMee","Animal Fit & Flare Dress",719,799,10,,,,"https://www.myntra.com/dresses/meemee/meemee-animal-fit--flare-dress/35711110/buy",https://www.myntra.com/dresses/meemee/meemee-animal-fit--flare-dress/35711110/buy,"",
myntra,41,"Golden Kite","Scuba Maxi Dress",1214,2699,55,4,134,134,"https://www.myntra.com/dresses/golden+kite/golden-kite-scuba-maxi-dress/31203133/buy",https://www.myntra.com/dresses/golden+kite/golden-kite-scuba-maxi-dress/31203133/buy,"",
myntra,42,"MomToBe","Rayon Maternity Dress",999,4164,76,,,,"https://www.myntra.com/dresses/momtobe/momtobe-women-beige-botanical-print-rayon-maternity-dress/36390458/buy",https://www.myntra.com/dresses/momtobe/momtobe-women-beige-botanical-print-rayon-maternity-dress/36390458/buy,"",
myntra,43,"HOUSE OF MIRA","Floral Printed Empire Dress",747,2577,71,3.8,1,1,"https://www.myntra.com/dresses/house+of+mira/house-of-mira-women-floral-printed-cotton-empire-midi-dress/32577056/buy",https://www.myntra.com/dresses/house+of+mira/house-of-mira-women-floral-printed-cotton-empire-midi-dress/32577056/buy,"",
myntra,44,"OCTICS","Floral Fit & Flare Dress",945,4299,78,4.2,3,3,"https://www.myntra.com/dresses/octics/octics-floral-printed-fit--flare-dress/28688510/buy",https://www.myntra.com/dresses/octics/octics-floral-printed-fit--flare-dress/28688510/buy,"",
myntra,45,"MomToBe","Abstract Print A-Line Dress",999,4164,76,,,,"https://www.myntra.com/dresses/momtobe/momtobe-women-abstract-printed-liva-maternity-a-line-dress/36390459/buy",https://www.myntra.com/dresses/momtobe/momtobe-women-abstract-printed-liva-maternity-a-line-dress/36390459/buy,"",
myntra,46,"Molly & Michel","A-Line Maxi Dress",999,2999,2000,,,,"https://www.myntra.com/dresses/molly+%26+michel/molly--michel-a-line-shoulder-straps-maxi-dress/36399952/buy",https://www.myntra.com/dresses/molly+%26+michel/molly--michel-a-line-shoulder-straps-maxi-dress/36399952/buy,"",
myntra,47,"YK","Pack of 2 Pinafore Dress",527,1099,52,1.9,108,108,"https://www.myntra.com/dresses/yk/yk-girls-pack-of-2-floral-printed--pinafore--dress/31855278/buy",https://www.myntra.com/dresses/yk/yk-girls-pack-of-2-floral-printed--pinafore--dress/31855278/buy,"",
myntra,48,"MomToBe","Printed Maternity Maxi Dress",1255,4330,71,,,,"https://www.myntra.com/dresses/momtobe/momtobe-women-abstract-print-maternity-maxi-dress/36390462/buy",https://www.myntra.com/dresses/momtobe/momtobe-women-abstract-print-maternity-maxi-dress/36390462/buy,"",
myntra,49,"Toonyport","Floral Print Fit & Flare Dress",448,1289,841,4.2,63,63,"https://www.myntra.com/dresses/toonyport/toonyport-kids-girls-floral-print-fit--flare-dress-pack-of-3/34288148/buy",https://www.myntra.com/dresses/toonyport/toonyport-kids-girls-floral-print-fit--flare-dress-pack-of-3/34288148/buy,"",
myntra,50,"Sangria","Printed A-Line Midi Dress",598,2990,80,4.2,231,231,"https://www.myntra.com/dresses/sangria/sangria-printed-cotton-a-line-midi-dress/29988482/buy",https://www.myntra.com/dresses/sangria/sangria-printed-cotton-a-line-midi-dress/29988482/buy,"",
myntra,51,"Avor Lifestyle","Animal Print A-Line Midi Dress",599,1499,60,,,,"https://www.myntra.com/dresses/avor+lifestyle/avor-lifestyle-women-animal-printed-slits-a-line-midi-dress/36418693/buy",https://www.myntra.com/dresses/avor+lifestyle/avor-lifestyle-women-animal-printed-slits-a-line-midi-dress/36418693/buy,"https://assets.myntassets.com/dpr_2,q_60,w_210,c_limit,fl_progressive/assets/images/2025/AUGUST/15/38ZiRExO_66c19d95f8254447acbb8b77d517d298.jpg",
myntra,52,"KALINI","Women Printed Midi Dress",779,2999,2220,4.4,662,662,"https://www.myntra.com/dresses/kalini/kalini-women-floral-printed-cotton-fit--flare-midi-dress/31494105/buy",https://www.myntra.com/dresses/kalini/kalini-women-floral-printed-cotton-fit--flare-midi-dress/31494105/buy,"https://assets.myntassets.com/dpr_2,q_60,w_210,c_limit,fl_progressive/assets/images/2024/NOVEMBER/4/nBhcHn4k_b91e85ad7bdd47698753012decb64d68.jpg",
myntra,53,"BAESD","Fit & Flare Dress",429,999,57,4,414,414,"https://www.myntra.com/dresses/baesd/baesd-fit--flare-dress/32900924/buy",https://www.myntra.com/dresses/baesd/baesd-fit--flare-dress/32900924/buy,"https://assets.myntassets.com/dpr_2,q_60,w_210,c_limit,fl_progressive/assets/images/2025/FEBRUARY/22/wihJnoil_41c0e86f57f24c9782346e3307b7a7db.jpg",
myntra,54,"DAMMODE","Floral Printed Empire Dress",689,2999,77,3.8,114,114,"https://www.myntra.com/dresses/dammode/dammode-women-cotton-floral-printed-empire-dress/31987008/buy",https://www.myntra.com/dresses/dammode/dammode-women-cotton-floral-printed-empire-dress/31987008/buy,"https://assets.myntassets.com/dpr_2,q_60,w_210,c_limit,fl_progressive/assets/images/31987008/2024/12/16/58e72eb7-5f52-4a5f-b493-2069988465281734362714759Dresses1.jpg",
myntra,55,"DressBerry","Floral Print Tiered Maxi Dress",719,2999,76,4.1,294,294,"https://www.myntra.com/dresses/dressberry/dressberry-floral-print-cut-outs-tiered-maxi-dress/23514786/buy",https://www.myntra.com/dresses/dressberry/dressberry-floral-print-cut-outs-tiered-maxi-dress/23514786/buy,"https://assets.myntassets.com/dpr_2,q_60,w_210,c_limit,fl_progressive/assets/images/23514786/2023/8/23/0ab6fb0a-b515-4b93-8267-334829b51aee1692773385067-DressBerry-Women-Dresses-3631692773384460-1.jpg",
myntra,56,"United Colors of Benetton","Girls Print Fit & Flare Dress",753,1299,42,,,,"https://www.myntra.com/dresses/united+colors+of+benetton/united-colors-of-benetton-girls-brand-logo-print-cotton-fit--flare-dress/35076320/buy",https://www.myntra.com/dresses/united+colors+of+benetton/united-colors-of-benetton-girls-brand-logo-print-cotton-fit--flare-dress/35076320/buy,"https://assets.myntassets.com/dpr_2,q_60,w_210,c_limit,fl_progressive/assets/images/35076320/2025/7/31/3496df24-5dc1-4238-89c5-7f8eac6e0ebf1753962693973-United-Colors-of-Benetton-Girls-Brand-Logo-Print-Cotton-Fit--1.jpg",
myntra,57,"KALINI","Floral Print A-Line Dress",772,2663,71,,,,"https://www.myntra.com/dresses/kalini/kalini-floral-print-a-line-dress/35720134/buy",https://www.myntra.com/dresses/kalini/kalini-floral-print-a-line-dress/35720134/buy,"https://assets.myntassets.com/dpr_2,q_60,w_210,c_limit,fl_progressive/assets/images/2025/JULY/16/PhK6PHnR_c446887984e34c549dec8c3d7eb16b0b.jpg",
myntra,58,"MomToBe","Printed Maternity A-Line Dress",999,4330,3331,,,,"https://www.myntra.com/dresses/momtobe/momtobe-women-floral-printed-maternity-a-line-midi-dress/36390453/buy",https://www.myntra.com/dresses/momtobe/momtobe-women-floral-printed-maternity-a-line-midi-dress/36390453/buy,"https://assets.myntassets.com/dpr_2,q_60,w_210,c_limit,fl_progressive/assets/images/2025/AUGUST/13/uWEA1xa9_eb0d4ef29d0d4d28b6a73b602a4aa0ad.jpg",
myntra,59,"BAESD","Girls Print Cotton Dress",499,1999,75,3.9,978,978,"https://www.myntra.com/dresses/baesd/baesd-girls-conversational-print-round-neck-puff-sleeves-cotton-fit--flare-dress/29391524/buy",https://www.myntra.com/dresses/baesd/baesd-girls-conversational-print-round-neck-puff-sleeves-cotton-fit--flare-dress/29391524/buy,"https://assets.myntassets.com/dpr_2,q_60,w_210,c_limit,fl_progressive/assets/images/29391524/2024/5/7/6e000b0b-71cc-4e9d-8d46-8cfb2ec58d941715020280927BAESDPrintCold-ShoulderFitFlareDress1.jpg",
myntra,60,"KALINI","Cotton Fit and Flare Dress",759,3999,3240,4.5,2,2,"https://www.myntra.com/dresses/kalini/kalini-floral-printed-mandarin-collar-puff-sleeves-cotton-fit-and-flare-dress/27628458/buy",https://www.myntra.com/dresses/kalini/kalini-floral-printed-mandarin-collar-puff-sleeves-cotton-fit-and-flare-dress/27628458/buy,"https://assets.myntassets.com/dpr_2,q_60,w_210,c_limit,fl_progressive/assets/images/27628458/2024/2/16/6abc5ecf-5c6b-4c5c-b9d9-caf3c77c664b1708049816966KALINIFloralPrintMaxiDress1.jpg",
myntra,61,"HERE&NOW","Floral Print Ruched Mini Dress",840,2899,71,,,,"https://www.myntra.com/dresses/here%26now/herenow-floral-print-ruched-mini-dress/31069594/buy",https://www.myntra.com/dresses/here%26now/herenow-floral-print-ruched-mini-dress/31069594/buy,"https://assets.myntassets.com/dpr_2,q_60,w_210,c_limit,fl_progressive/assets/images/31069594/2025/5/2/c55a708c-4b6c-45c8-a71c-2d2c414f268b1746189694956-HERENOW-Floral-Print-Ruched-Mini-Dress-3031746189694219-1.jpg",
myntra,62,"OCTICS","Floral Fit & Flare Dress",945,4299,78,4.2,3,3,"https://www.myntra.com/dresses/octics/octics-floral-printed-fit--flare-dress/28688510/buy",https://www.myntra.com/dresses/octics/octics-floral-printed-fit--flare-dress/28688510/buy,"https://assets.myntassets.com/dpr_2,q_60,w_210,c_limit,fl_progressive/assets/images/28688510/2024/12/27/bb058407-d64c-43dd-a8ae-ac6cba92c7641735308885503-OCTICS-Floral-Printed-Fit--Flare-Dress-1081735308884799-1.jpg",
myntra,63,"CORSICA","Women Viscose Rayon Dresses",799,2497,68,,,,"https://www.myntra.com/dresses/corsica/corsica-women-blue-dyed-viscose-rayon-kaftan-dresses/36581031/buy",https://www.myntra.com/dresses/corsica/corsica-women-blue-dyed-viscose-rayon-kaftan-dresses/36581031/buy,"https://assets.myntassets.com/dpr_2,q_60,w_210,c_limit,fl_progressive/assets/images/2025/AUGUST/23/iMb6ld8G_8db9d92ddb964239b23a94067d8264bc.jpg",
myntra,64,"Nap Chief","",593,1290,54,4.5,17,17,"https://www.myntra.com/dresses/nap+chief/nap-chief-girls-hello-kitty-balloon-printed-pure-cotton-t-shirt-dress/34528024/buy",https://www.myntra.com/dresses/nap+chief/nap-chief-girls-hello-kitty-balloon-printed-pure-cotton-t-shirt-dress/34528024/buy,"https://assets.myntassets.com/dpr_2,q_60,w_210,c_limit,fl_progressive/assets/images/34528024/2025/6/26/c5b6f12b-7fb6-4b0a-8ec2-e306b1048b651750928825803-Nap-Chief-Girls-Hello-Kitty-Balloon-Printed-Pure-Cotton-T-sh-1.jpg",
myntra,65,"MD ENTERPRISE","Embroidered Sleeveless Dress",599,1999,1400,3.7,32,32,"https://www.myntra.com/dresses/md+enterprise/md-enterprise-embroidered-sleeveless-dress/34919262/buy",https://www.myntra.com/dresses/md+enterprise/md-enterprise-embroidered-sleeveless-dress/34919262/buy,"https://assets.myntassets.com/dpr_2,q_60,w_210,c_limit,fl_progressive/assets/images/2025/JUNE/13/RCBC8kuH_0c237ca4353a427294ea941262d141e4.jpg",
myntra,66,"Chandbaali","Women Sleeveless Gown Dress",799,3999,3200,4.2,72,72,"https://www.myntra.com/dresses/chandbaali/chandbaali-women-floral-printed-layered-gown-maxi-dress/31271719/buy",https://www.myntra.com/dresses/chandbaali/chandbaali-women-floral-printed-layered-gown-maxi-dress/31271719/buy,"https://assets.myntassets.com/dpr_2,q_60,w_210,c_limit,fl_progressive/assets/images/2024/OCTOBER/10/bUbJMaDB_bd3d2996076d4eb79061342c6d999a8a.jpg",
myntra,67,"MomToBe","Cotton Maternity T-shirt Dress",999,4330,3331,,,,"https://www.myntra.com/dresses/momtobe/momtobe-short-sleeves-cotton-maternity-t-shirt-dress/36403603/buy",https://www.myntra.com/dresses/momtobe/momtobe-short-sleeves-cotton-maternity-t-shirt-dress/36403603/buy,"https://assets.myntassets.com/dpr_2,q_60,w_210,c_limit,fl_progressive/assets/images/2025/AUGUST/14/sVNcA04y_3d2e5edca6234c2eab579a0250b87a26.jpg",
myntra,68,"BEING NAUGHTY","Print A-Line Puff Sleeve Dress",758,1849,59,4.5,570,570,"https://www.myntra.com/dresses/being+naughty/being-naughty-cotton-puff-sleeve-a-line-girls-dress/30599738/buy",https://www.myntra.com/dresses/being+naughty/being-naughty-cotton-puff-sleeve-a-line-girls-dress/30599738/buy,"https://assets.myntassets.com/dpr_2,q_60,w_210,c_limit,fl_progressive/assets/images/2024/AUGUST/16/euprL8PW_bdcbb5d29e674d1cbd25a73b9cdbe926.jpg",
myntra,69,"YK","Girls fit and flare dress",699,3499,80,,,,"https://www.myntra.com/dresses/yk/yk-dress-girls-purple-puffed-sleeves-schiffli-fit-and-flare-dress/36464459/buy",https://www.myntra.com/dresses/yk/yk-dress-girls-purple-puffed-sleeves-schiffli-fit-and-flare-dress/36464459/buy,"",
myntra,70,"Anthrilo","Girls Flutter Sleeve Dress",599,1499,60,4.4,540,540,"https://www.myntra.com/dresses/anthrilo/anthrilo-girls-flutter-sleeve-drop-waist-dress/22324344/buy",https://www.myntra.com/dresses/anthrilo/anthrilo-girls-flutter-sleeve-drop-waist-dress/22324344/buy,"",
myntra,71,"DRAPE AND DAZZLE","Printed Smocked Maxi Dress",791,3599,78,4.2,1,1,"https://www.myntra.com/dresses/drape+and+dazzle/drape-and-dazzle-floral-printed-smocked-maxi-dress/29495842/buy",https://www.myntra.com/dresses/drape+and+dazzle/drape-and-dazzle-floral-printed-smocked-maxi-dress/29495842/buy,"",
myntra,72,"MomToBe","Floral Print Maternity Dress",1255,4330,71,4.2,307,307,"https://www.myntra.com/dresses/momtobe/momtobe-floral-print-maternity-fit--flare-dress/26705812/buy",https://www.myntra.com/dresses/momtobe/momtobe-floral-print-maternity-fit--flare-dress/26705812/buy,"",
myntra,73,"MomToBe","Cotton Maternity T-shirt Dress",999,4330,3331,,,,"https://www.myntra.com/dresses/momtobe/momtobe-short-sleeves-cotton-maternity-t-shirt-dress/36403605/buy",https://www.myntra.com/dresses/momtobe/momtobe-short-sleeves-cotton-maternity-t-shirt-dress/36403605/buy,"",
myntra,74,"Berrylush","Cowl Neck Maxi Dress",912,1449,37,4.2,722,722,"https://www.myntra.com/dresses/berrylush/berrylush-red-cowl-neck-shoulder-straps-lace-up-maxi-dress/23815418/buy",https://www.myntra.com/dresses/berrylush/berrylush-red-cowl-neck-shoulder-straps-lace-up-maxi-dress/23815418/buy,"",
myntra,75,"AASK","Fit and Flare Midi Dress",649,2596,75,,,,"https://www.myntra.com/dresses/aask/aask-women-navy-blue-self-design-crepe-fit-and-flare-calf-length-dress/36608482/buy",https://www.myntra.com/dresses/aask/aask-women-navy-blue-self-design-crepe-fit-and-flare-calf-length-dress/36608482/buy,"",
myntra,76,"HOUSE OF MIRA","Printed Empire Midi Dress",747,2577,71,3.6,290,290,"https://www.myntra.com/dresses/house+of+mira/house-of-mira-women-floral-printed-cotton-empire-midi-dress/32577055/buy",https://www.myntra.com/dresses/house+of+mira/house-of-mira-women-floral-printed-cotton-empire-midi-dress/32577055/buy,"",
myntra,77,"Athena","Ruffled Detailed Maxi Dress",979,2799,65,4.1,2,2,"https://www.myntra.com/dresses/athena/athena-black-square-neck-flutter-sleeves-ruffled-detailed-maxi-dress/27234078/buy",https://www.myntra.com/dresses/athena/athena-black-square-neck-flutter-sleeves-ruffled-detailed-maxi-dress/27234078/buy,"https://assets.myntassets.com/dpr_2,q_60,w_210,c_limit,fl_progressive/assets/images/27234078/2024/1/30/f4fb6d43-8933-4fb8-95eb-5a92f94ac2131706609515097AthenaRuffledGeorgetteMaxiDress1.jpg",
myntra,78,"Trendyol","Polka Dot Sheath Midi Dress",1249,2499,50,4,713,713,"https://www.myntra.com/dresses/trendyol/trendyol-polka-dot-printed-one-shoulder-sheath-midi-dress/29789180/buy",https://www.myntra.com/dresses/trendyol/trendyol-polka-dot-printed-one-shoulder-sheath-midi-dress/29789180/buy,"",
myntra,79,"French Connection","A-Line Midi Dress",1442,3899,63,3,21,21,"https://www.myntra.com/dresses/french+connection/french-connection-a-line-midi-dress/31123304/buy",https://www.myntra.com/dresses/french+connection/french-connection-a-line-midi-dress/31123304/buy,"",
myntra,80,"BAESD","Print Fit & Flare Puff Sleeve Dress",599,1999,70,3.8,144,144,"https://www.myntra.com/dresses/baesd/baesd-print-puff-sleeve-applique-fit--flare-dress/31894123/buy",https://www.myntra.com/dresses/baesd/baesd-print-puff-sleeve-applique-fit--flare-dress/31894123/buy,"",
myntra,81,"StyleCast","Bodycon Mini Dress",1341,3049,56,,,,"https://www.myntra.com/dresses/stylecast/stylecast-bodycon-mini-dress/35712516/buy",https://www.myntra.com/dresses/stylecast/stylecast-bodycon-mini-dress/35712516/buy,"",
myntra,82,"Sera","Shirt Collar Wrap Dress",624,2498,75,4,3,3,"https://www.myntra.com/dresses/sera/sera-fuchsia-shirt-collar-cuffed-sleeve-wrap-dress/25218702/buy",https://www.myntra.com/dresses/sera/sera-fuchsia-shirt-collar-cuffed-sleeve-wrap-dress/25218702/buy,"",
myntra,83,"KAARIGARI","Girls Velvet Sheath Dress",499,1099,600,3.5,503,503,"https://www.myntra.com/dresses/kaarigari/kaarigari-girls-embellished-velvet-sheath-dress/33396168/buy",https://www.myntra.com/dresses/kaarigari/kaarigari-girls-embellished-velvet-sheath-dress/33396168/buy,"",
myntra,84,"BAESD","Floral Net Fit & Flare Dress",419,1999,79,4.1,497,497,"https://www.myntra.com/dresses/baesd/baesd-girls-floral-printed-flared-applique-net-fit--flare-dress/28932130/buy",https://www.myntra.com/dresses/baesd/baesd-girls-floral-printed-flared-applique-net-fit--flare-dress/28932130/buy,"",
myntra,85,"her by invictus","Puff Sleeves Sheath Dress",637,2198,71,4.2,5,5,"https://www.myntra.com/dresses/her+by+invictus/her-by-invictus-puff-sleeves-sheath-dress/29580250/buy",https://www.myntra.com/dresses/her+by+invictus/her-by-invictus-puff-sleeves-sheath-dress/29580250/buy,"",
myntra,86,"EASY MOM","A-Line Midi Dress",1109,2999,63,4.3,535,535,"https://www.myntra.com/dresses/easy+mom/easy-mom-women-maternity-a-line-midi-dress/31023091/buy",https://www.myntra.com/dresses/easy+mom/easy-mom-women-maternity-a-line-midi-dress/31023091/buy,"",
myntra,87,"WANQUILA","Fit & Flare Midi Dress",799,2499,1700,,,,"https://www.myntra.com/dresses/wanquila/wanquila-women-sleeveless-fit--flare-midi-dress/36591787/buy",https://www.myntra.com/dresses/wanquila/wanquila-women-sleeveless-fit--flare-midi-dress/36591787/buy,"",
myntra,88,"French Connection","High Neck Sheath Dress",1072,2899,63,3.3,25,25,"https://www.myntra.com/dresses/french+connection/french-connection-high-neck-ruched-sheath-dress/29411054/buy",https://www.myntra.com/dresses/french+connection/french-connection-high-neck-ruched-sheath-dress/29411054/buy,"",
myntra,89,"KALINI","Printed Fit & Flare Midi Dress",987,5199,81,4,176,176,"https://www.myntra.com/dresses/kalini/kalini-floral-printed-mandarin-collar-gathered-tiered-cotton-fit--flare-midi-dress/28186410/buy",https://www.myntra.com/dresses/kalini/kalini-floral-printed-mandarin-collar-gathered-tiered-cotton-fit--flare-midi-dress/28186410/buy,"",
myntra,90,"CORSICA","Floral Printed Maxi Dress",799,1999,1200,3.8,553,553,"https://www.myntra.com/dresses/corsica/corsica-floral-printed-tie-ups-detail-maxi-dress/33139781/buy",https://www.myntra.com/dresses/corsica/corsica-floral-printed-tie-ups-detail-maxi-dress/33139781/buy,"",
myntra,91,"Uptownie","Cotton Kimono Sleeve Dress",999,2499,60,3.7,28,28,"https://www.myntra.com/dresses/uptownie/uptownie-cotton-poplin-kimono-sleeve-dress/30824925/buy",https://www.myntra.com/dresses/uptownie/uptownie-cotton-poplin-kimono-sleeve-dress/30824925/buy,"",
myntra,92,"Sangria","Girls Printed A-Line Dress",598,2990,80,4.1,806,806,"https://www.myntra.com/dresses/sangria/sangria-girls-printed-cotton-a-line-dress/29988485/buy",https://www.myntra.com/dresses/sangria/sangria-girls-printed-cotton-a-line-dress/29988485/buy,"",
myntra,93,"AASK","Fit and Flare Midi Dress",649,2596,75,,,,"https://www.myntra.com/dresses/aask/aask-women-maroon-self-design-crepe-fit-and-flare-calf-length-dress/36607190/buy",https://www.myntra.com/dresses/aask/aask-women-maroon-self-design-crepe-fit-and-flare-calf-length-dress/36607190/buy,"",
myntra,94,"BAESD","Girls Net Fit & Flare Dress",419,1999,79,4,1,1,"https://www.myntra.com/dresses/baesd/baesd-girls-ruffled-net-fit--flare-dress/29564422/buy",https://www.myntra.com/dresses/baesd/baesd-girls-ruffled-net-fit--flare-dress/29564422/buy,"",
myntra,95,"SASSAFRAS Curve","Midi Dress",924,2498,63,4.2,122,122,"https://www.myntra.com/dresses/sassafras+curve/sassafras-curve-midi-dress/30961231/buy",https://www.myntra.com/dresses/sassafras+curve/sassafras-curve-midi-dress/30961231/buy,"https://assets.myntassets.com/dpr_2,q_60,w_210,c_limit,fl_progressive/assets/images/2024/SEPTEMBER/16/VUQS5UaF_2e7cb1b92be841b186207e22ce9c3505.jpg",
myntra,96,"Sangria","Printed Tiered Maxi Dress",863,2699,68,3.7,271,271,"https://www.myntra.com/dresses/sangria/sangria-printed-fit--flare-tiered-maxi-dress/32417121/buy",https://www.myntra.com/dresses/sangria/sangria-printed-fit--flare-tiered-maxi-dress/32417121/buy,"",
myntra,97,"Qurvii","Cotton Fit & Flare Dress",1285,2795,54,,,,"https://www.myntra.com/dresses/qurvii/qurvii-shirt-collar-cotton-fit--flare-dress/36396388/buy",https://www.myntra.com/dresses/qurvii/qurvii-shirt-collar-cotton-fit--flare-dress/36396388/buy,"",
myntra,98,"HOUSE OF MIRA","Floral Printed Empire Dress",747,2577,71,3.8,1,1,"https://www.myntra.com/dresses/house+of+mira/house-of-mira-women-floral-printed-cotton-empire-midi-dress/32577056/buy",https://www.myntra.com/dresses/house+of+mira/house-of-mira-women-floral-printed-cotton-empire-midi-dress/32577056/buy,"",
myntra,99,"CORSICA","Print Fit & Flare Short Dress",799,2854,2055,2.5,69,69,"https://www.myntra.com/dresses/corsica/corsica-print-fit--flare-short-dress/35732797/buy",https://www.myntra.com/dresses/corsica/corsica-print-fit--flare-short-dress/35732797/buy,"",
myntra,100,"YK","Girls A-Line Dress",329,1099,70,3.5,34,34,"https://www.myntra.com/dresses/yk/yk-girls-self-design-bow-detail-a-line-dress/31855253/buy",https://www.myntra.com/dresses/yk/yk-girls-self-design-bow-detail-a-line-dress/31855253/buy,"",
myntra,101,"Stylum","Floral Print Fit & Flare Maxi Dress",757,2899,2142,4.1,2,2,"https://www.myntra.com/dresses/stylum/stylum-floral-print-fit--flare-maxi-dress/30722825/buy",https://www.myntra.com/dresses/stylum/stylum-floral-print-fit--flare-maxi-dress/30722825/buy,"https://assets.myntassets.com/dpr_2,q_60,w_210,c_limit,fl_progressive/assets/images/2024/AUGUST/26/MVdZamLK_86fac207f08047c6bae19c8e0ba5fc5f.jpg",
myntra,102,"StyleCast","V-Neck Bodycon Mini Dress",1237,2749,55,,,,"https://www.myntra.com/dresses/stylecast/stylecast-sleeveless-v-neck-bodycon-mini-dress/36397308/buy",https://www.myntra.com/dresses/stylecast/stylecast-sleeveless-v-neck-bodycon-mini-dress/36397308/buy,"https://assets.myntassets.com/dpr_2,q_60,w_210,c_limit,fl_progressive/assets/images/2025/AUGUST/14/QVgVfojP_1b455ddd75214cf59950b99ad2c3d960.jpg",
myntra,103,"Somersault","Infant Girls Fit & Flare Dress",659,1649,60,4,6,6,"https://www.myntra.com/dresses/somersault/somersault-infant-girls-conversational-printed-pure-cotton-fit--flared-dress/28307066/buy",https://www.myntra.com/dresses/somersault/somersault-infant-girls-conversational-printed-pure-cotton-fit--flared-dress/28307066/buy,"https://assets.myntassets.com/dpr_2,q_60,w_210,c_limit,fl_progressive/assets/images/28307066/2025/7/30/33f24694-3651-440a-8a41-f628013efe021753881397590-Somersault-Infant-Girls-Conversational-Printed-Pure-Cotton-F-1.jpg",
myntra,104,"Azira","Empire Midi Dress",1099,2999,1900,4.4,157,157,"https://www.myntra.com/dresses/azira/azira-round-neck-tiered-empire-midi-dress/30442825/buy",https://www.myntra.com/dresses/azira/azira-round-neck-tiered-empire-midi-dress/30442825/buy,"https://assets.myntassets.com/dpr_2,q_60,w_210,c_limit,fl_progressive/assets/images/2024/AUGUST/2/qOeabyaO_a38f6d8dc23b42fa9c1d7adef76cb127.jpg",
myntra,105,"Stylum","Floral Print A-Line Midi Dress",779,2899,2120,4,2,2,"https://www.myntra.com/dresses/stylum/stylum-floral-print-fit--flare-midi-dress/29997696/buy",https://www.myntra.com/dresses/stylum/stylum-floral-print-fit--flare-midi-dress/29997696/buy,"https://assets.myntassets.com/dpr_2,q_60,w_210,c_limit,fl_progressive/assets/images/29997696/2024/6/19/479a495c-40a1-43bc-affd-734c96523be21718810055994StylumFloralPrintA-LineMidiDress1.jpg",
myntra,106,"Nap Chief","Girls Cotton T-shirt Dress",490,1290,62,4.7,19,19,"https://www.myntra.com/dresses/nap+chief/nap-chief-girls-peanuts-snoopy-cuddle-printed-round-neck-cotton-t-shirt-dress/32740688/buy",https://www.myntra.com/dresses/nap+chief/nap-chief-girls-peanuts-snoopy-cuddle-printed-round-neck-cotton-t-shirt-dress/32740688/buy,"https://assets.myntassets.com/dpr_2,q_60,w_210,c_limit,fl_progressive/assets/images/32740688/2025/3/20/0fd9819c-a92e-4a1c-b6f9-d09c2591ec981742456583225-Nap-Chief-Girls-Peanuts-Snoopy-Cuddle-Printed-Round-Neck-Cot-1.jpg",
myntra,107,"BAESD","Kerala Kasavu Onam Dress",449,999,55,4.6,90,90,"https://www.myntra.com/dresses/baesd/baesd-girls-kerala-kasavu-onam-dress/30621257/buy",https://www.myntra.com/dresses/baesd/baesd-girls-kerala-kasavu-onam-dress/30621257/buy,"https://assets.myntassets.com/dpr_2,q_60,w_210,c_limit,fl_progressive/assets/images/2024/AUGUST/18/pkgsNbeN_a98b9bb23ee2458ba81157d60ba8867d.jpg",
myntra,108,"HEETA","Striped Georgette A-Line Dress",,,,,,,"https://www.myntra.com/dresses/heeta/heeta-striped-georgette-a-line-dress/36450141/buy",https://www.myntra.com/dresses/heeta/heeta-striped-georgette-a-line-dress/36450141/buy,"https://assets.myntassets.com/dpr_2,q_60,w_210,c_limit,fl_progressive/assets/images/2025/AUGUST/16/M2IdNVOK_bb4693d024374559b02d6e94de14f945.jpg",
myntra,109,"Nap Chief","Girls Cotton Fit & Flare Dress",399,1290,69,4.7,7,7,"https://www.myntra.com/dresses/nap+chief/nap-chief-girls-magic-and-unicorns-printed-relaxed-fit-pure-cotton-fit-and-flare-dress/33475109/buy",https://www.myntra.com/dresses/nap+chief/nap-chief-girls-magic-and-unicorns-printed-relaxed-fit-pure-cotton-fit-and-flare-dress/33475109/buy,"https://assets.myntassets.com/dpr_2,q_60,w_210,c_limit,fl_progressive/assets/images/33475109/2025/7/4/58541e4f-9d28-48f2-ad90-b5fbe23d8ed21751621258780-Nap-Chief-Girls-Magic-and-Unicorns-Printed-Relaxed-Fit-Pure--1.jpg",
myntra,110,"SASSAFRAS Curve","Sheath Dress",924,2498,63,4.4,994,994,"https://www.myntra.com/dresses/sassafras+curve/sassafras-curve-sheath-dress/22029526/buy",https://www.myntra.com/dresses/sassafras+curve/sassafras-curve-sheath-dress/22029526/buy,"https://assets.myntassets.com/dpr_2,q_60,w_210,c_limit,fl_progressive/assets/images/22029526/2023/2/17/2b4b2d9f-f089-4166-844a-7bc00d32188d1676655873690SASSAFRASCurveBlueSheathDress1.jpg",
myntra,111,"aayu","Floral Print Crepe Maxi Dress",609,3999,84,4.1,810,810,"https://www.myntra.com/dresses/aayu/aayu-floral-print-crepe-maxi-dress/28098786/buy",https://www.myntra.com/dresses/aayu/aayu-floral-print-crepe-maxi-dress/28098786/buy,"https://assets.myntassets.com/dpr_2,q_60,w_210,c_limit,fl_progressive/assets/images/28098786/2024/3/7/a9d9b732-8a95-44d5-b8eb-72132e9919761709821926938aayuFloralPrintCrepeMaxiDress1.jpg",
myntra,112,"YK X Minute Mirth","Girls Printed A-Line Dress",351,1099,68,4.4,10,10,"https://www.myntra.com/dresses/yk+x+minute+mirth/yk-x-minute-mirth-girls-bugs-bunny-printed-a-line-dress/30702817/buy",https://www.myntra.com/dresses/yk+x+minute+mirth/yk-x-minute-mirth-girls-bugs-bunny-printed-a-line-dress/30702817/buy,"https://assets.myntassets.com/dpr_2,q_60,w_210,c_limit,fl_progressive/assets/images/30702817/2024/9/16/ca5648f5-b049-4ce4-80a7-302641d843781726477276796-YK-X-Minute-Mirth-Girls-Bugs-Bunny-Printed-A-Line-Dress-6911-1.jpg",
myntra,113,"Miss & Chief","Striped Cotton A-Line Dress",379,1999,81,3.9,167,167,"https://www.myntra.com/dresses/miss+%26+chief/miss--chief-girls-striped-one-shoulder-bow-cotton-a-line-dress/34584605/buy",https://www.myntra.com/dresses/miss+%26+chief/miss--chief-girls-striped-one-shoulder-bow-cotton-a-line-dress/34584605/buy,"https://assets.myntassets.com/dpr_2,q_60,w_210,c_limit,fl_progressive/assets/images/2025/MAY/30/Xxh897uh_2e0339ed5e504e259823047211168a20.jpg",
myntra,114,"NARI DREAM","",749,4999,85,,,,"https://www.myntra.com/dresses/nari+dream/nari-dream-women-abstract-printed-lace-up-georgette-a-line-dress/36425055/buy",https://www.myntra.com/dresses/nari+dream/nari-dream-women-abstract-printed-lace-up-georgette-a-line-dress/36425055/buy,"https://assets.myntassets.com/dpr_2,q_60,w_210,c_limit,fl_progressive/assets/images/2025/AUGUST/15/bLXqzBmZ_fb4138d2925e4311a9f52fed52fe2629.jpg",
myntra,115,"FAZZA","Girls Pack of 2 Dress",499,1499,1000,,,,"https://www.myntra.com/dresses/fazza/fazza-girls-pack-of-2-print-cotton-fit--flare-dress/34622656/buy",https://www.myntra.com/dresses/fazza/fazza-girls-pack-of-2-print-cotton-fit--flare-dress/34622656/buy,"https://assets.myntassets.com/dpr_2,q_60,w_210,c_limit,fl_progressive/assets/images/2025/MAY/31/vQlUqAnS_cb9415454bf64c41997a6043927ea474.jpg",
myntra,116,"Libas","Cotton Maxi Dress",849,2849,2000,4.1,19,19,"https://www.myntra.com/dresses/libas/libas-women-floral-printed-puff-sleeve-fit--flare-cotton-maxi-dress/34139641/buy",https://www.myntra.com/dresses/libas/libas-women-floral-printed-puff-sleeve-fit--flare-cotton-maxi-dress/34139641/buy,"https://assets.myntassets.com/dpr_2,q_60,w_210,c_limit,fl_progressive/assets/images/34139641/2025/7/17/31618b44-8be1-43e1-a7a0-542d2a1945a81752744154528-Libas-Women-Floral-Printed-Puff-Sleeve-Fit--Flare-Cotton-Max-1.jpg",
myntra,117,"YK","Pack of 2 Pinafore Dress",527,1099,52,1.9,108,108,"https://www.myntra.com/dresses/yk/yk-girls-pack-of-2-floral-printed--pinafore--dress/31855278/buy",https://www.myntra.com/dresses/yk/yk-girls-pack-of-2-floral-printed--pinafore--dress/31855278/buy,"",
myntra,118,"HERE&NOW","Cotton A-Line Dress",1109,2999,63,,,,"https://www.myntra.com/dresses/here%26now/herenow-geometric-printed-mandarin-collar-puff-sleeves-cotton-a-line-dress/31358328/buy",https://www.myntra.com/dresses/here%26now/herenow-geometric-printed-mandarin-collar-puff-sleeves-cotton-a-line-dress/31358328/buy,"",
myntra,119,"BAESD","Girls Printed Midi Dress",419,1999,79,3.6,186,186,"https://www.myntra.com/dresses/baesd/baesd-girls-printed-tie-and-dye-midi-dress/33595109/buy",https://www.myntra.com/dresses/baesd/baesd-girls-printed-tie-and-dye-midi-dress/33595109/buy,"",
myntra,120,"HERE&NOW","Women Polyester Dresses",699,1999,65,,,,"https://www.myntra.com/dresses/here%26now/herenow-women-polyester-fit-and-flare-dresses/36410217/buy",https://www.myntra.com/dresses/here%26now/herenow-women-polyester-fit-and-flare-dresses/36410217/buy,"",
myntra,121,"Boho By Athena","Bohemian Maxi Dress",1229,2999,59,4.4,339,339,"https://www.myntra.com/dresses/boho+by+athena/boho-by-athena-bohemian-maxi-dress/30674693/buy",https://www.myntra.com/dresses/boho+by+athena/boho-by-athena-bohemian-maxi-dress/30674693/buy,"",
myntra,122,"Moda Rapido","Printed Fit & Flare Dress",749,1999,1250,,,,"https://www.myntra.com/dresses/moda+rapido/moda-rapido-women-floral-printed-crepe-fit--flare-dress/36162915/buy",https://www.myntra.com/dresses/moda+rapido/moda-rapido-women-floral-printed-crepe-fit--flare-dress/36162915/buy,"",
myntra,123,"KAARIGARI","Embellished Bodycon Dress",499,1099,600,3.2,253,253,"https://www.myntra.com/dresses/kaarigari/kaarigari-embellished-velvet-bodycon-dress/33396157/buy",https://www.myntra.com/dresses/kaarigari/kaarigari-embellished-velvet-bodycon-dress/33396157/buy,"",
myntra,124,"MeeMee","Floral Fit & Flare Dress",479,599,20,,,,"https://www.myntra.com/dresses/meemee/meemee-floral-fit--flare-dress/35711118/buy",https://www.myntra.com/dresses/meemee/meemee-floral-fit--flare-dress/35711118/buy,"",
myntra,125,"aayu","Solid Puff Sleeve Maxi Dress",736,3599,79,3.9,34,34,"https://www.myntra.com/dresses/aayu/aayu-women-solid-puff-sleeve-v-neck-georgette-layered-maxi-dress/32669991/buy",https://www.myntra.com/dresses/aayu/aayu-women-solid-puff-sleeve-v-neck-georgette-layered-maxi-dress/32669991/buy,"",
myntra,126,"BAESD","Girls Fit & Flare Dress",499,999,50,4,78,78,"https://www.myntra.com/dresses/baesd/baesd-girls-sequence-work-one-shoulder-fit--flare-dress/32790547/buy",https://www.myntra.com/dresses/baesd/baesd-girls-sequence-work-one-shoulder-fit--flare-dress/32790547/buy,"",
myntra,127,"DressBerry","Print Crepe A-Line Midi Dress",699,2996,2297,4.2,399,399,"https://www.myntra.com/dresses/dressberry/dressberry-women--print-crepe-a-line-midi-dress/33390491/buy",https://www.myntra.com/dresses/dressberry/dressberry-women--print-crepe-a-line-midi-dress/33390491/buy,"",
myntra,128,"AASK","Crepe Fit and Flare Dress",649,2596,75,,,,"https://www.myntra.com/dresses/aask/aask-women-greyish-blue-self-design-crepe-fit-and-flare-calf-length-dress/36619472/buy",https://www.myntra.com/dresses/aask/aask-women-greyish-blue-self-design-crepe-fit-and-flare-calf-length-dress/36619472/buy,"",
myntra,129,"KEESOR","T-shirt Dresses",359,699,340,3.6,56,56,"https://www.myntra.com/dresses/keesor/keesor-multi-cotton-t-shirt-dresses/35699803/buy",https://www.myntra.com/dresses/keesor/keesor-multi-cotton-t-shirt-dresses/35699803/buy,"",
myntra,130,"Miss & Chief","Girls Bodycon Dress",499,1099,600,,,,"https://www.myntra.com/dresses/miss+%26+chief/miss--chief-girls-embellished-bodycon-dress/34530120/buy",https://www.myntra.com/dresses/miss+%26+chief/miss--chief-girls-embellished-bodycon-dress/34530120/buy,"",
myntra,131,"Berrylush","Floral Crepe A-Line Midi Dress",873,1899,54,4.2,1,1,"https://www.myntra.com/dresses/berrylush/berrylush-fuchsia--white-floral-puff-sleeves-crepe-a-line-midi-dress/17224116/buy",https://www.myntra.com/dresses/berrylush/berrylush-fuchsia--white-floral-puff-sleeves-crepe-a-line-midi-dress/17224116/buy,"",
myntra,132,"StyleCast","Bodycon Mini Dress",1341,3049,56,,,,"https://www.myntra.com/dresses/stylecast/stylecast-bodycon-mini-dress/35712512/buy",https://www.myntra.com/dresses/stylecast/stylecast-bodycon-mini-dress/35712512/buy,"",
myntra,133,"Sugathari","Women A-Line Midi Dress",649,2029,68,4,287,287,"https://www.myntra.com/dresses/sugathari/sugathari-women-puff-sleeve-a-line-midi-dress/33729246/buy",https://www.myntra.com/dresses/sugathari/sugathari-women-puff-sleeve-a-line-midi-dress/33729246/buy,"",
myntra,134,"BAESD","Girls Fit & Flare Dress",439,1999,78,4.3,24,24,"https://www.myntra.com/dresses/baesd/baesd-girls-embellished-flared-sleeve-fit--flare-dress/33719011/buy",https://www.myntra.com/dresses/baesd/baesd-girls-embellished-flared-sleeve-fit--flare-dress/33719011/buy,"",
myntra,135,"YK","Girls Print A-Line Dress",532,1299,59,4.4,145,145,"https://www.myntra.com/dresses/yk/yk-girls-self-design-printed-a-line-dress/31855269/buy",https://www.myntra.com/dresses/yk/yk-girls-self-design-printed-a-line-dress/31855269/buy,"",
myntra,136,"WATAY","Drop-Waist Midi Dress",794,1499,47,3.5,12,12,"https://www.myntra.com/dresses/watay/watay-women-self-design-drop-waist-round-neck-midi-dress/35264211/buy",https://www.myntra.com/dresses/watay/watay-women-self-design-drop-waist-round-neck-midi-dress/35264211/buy,"",
myntra,137,"Aaghnya","Viscose Rayon Dresses",899,3197,2298,2.6,37,37,"https://www.myntra.com/dresses/aaghnya/aaghnya-black-viscose-rayon-dresses/35049655/buy",https://www.myntra.com/dresses/aaghnya/aaghnya-black-viscose-rayon-dresses/35049655/buy,"",
myntra,138,"Moda Rapido","Floral Embroidered Dress",866,3197,2331,,,,"https://www.myntra.com/dresses/moda+rapido/moda-rapido-women-floral-embroidered-fit--flare-knee-length-dress/35056259/buy",https://www.myntra.com/dresses/moda+rapido/moda-rapido-women-floral-embroidered-fit--flare-knee-length-dress/35056259/buy,"",
myntra,139,"BAESD","Girls Printed A-Line Dress",419,1999,79,4.1,376,376,"https://www.myntra.com/dresses/baesd/baesd-girls-printed-a-line-midi-dress/32236496/buy",https://www.myntra.com/dresses/baesd/baesd-girls-printed-a-line-midi-dress/32236496/buy,"",
myntra,140,"Funshine","Girls Fit & Flare Dress",399,995,596,,,,"https://www.myntra.com/dresses/funshine/funshine-girls-checked-cotton-fit--flare-dress/35189092/buy",https://www.myntra.com/dresses/funshine/funshine-girls-checked-cotton-fit--flare-dress/35189092/buy,"",
myntra,141,"Sangria","Printed A-Line Midi Dress",598,2990,80,4.2,231,231,"https://www.myntra.com/dresses/sangria/sangria-printed-cotton-a-line-midi-dress/29988482/buy",https://www.myntra.com/dresses/sangria/sangria-printed-cotton-a-line-midi-dress/29988482/buy,"",
myntra,142,"Azira","Floral Print Puff Sleeve Dress",999,2899,1900,4.2,1,1,"https://www.myntra.com/dresses/azira/azira-floral-print-square-neck-puff-sleeve-georgette-fit--flare-midi-tiered-dress/27443676/buy",https://www.myntra.com/dresses/azira/azira-floral-print-square-neck-puff-sleeve-georgette-fit--flare-midi-tiered-dress/27443676/buy,"",
myntra,143,"YK","Floral Print Fit & Flare Dress",599,1999,70,,,,"https://www.myntra.com/dresses/yk/yk-girls-floral-printd-fit--flare-dress/35815443/buy",https://www.myntra.com/dresses/yk/yk-girls-floral-printd-fit--flare-dress/35815443/buy,"",
myntra,144,"AASK","Self Design Fit & Flare Dress",649,2596,75,,,,"https://www.myntra.com/dresses/aask/aask-women-white-self-design-crepe-fit-and-flare-calf-length-dress/36608468/buy",https://www.myntra.com/dresses/aask/aask-women-white-self-design-crepe-fit-and-flare-calf-length-dress/36608468/buy,"",
myntra,145,"JAHIDA COMFORT WITH STYLE","Women Fit & Flare Midi Dress",689,2999,77,3.2,188,188,"https://www.myntra.com/dresses/jahida+comfort+with+style/jahida-comfort-with-style-women-solid-fit--flare-midi-dress/34443989/buy",https://www.myntra.com/dresses/jahida+comfort+with+style/jahida-comfort-with-style-women-solid-fit--flare-midi-dress/34443989/buy,"",
myntra,146,"WISSTLER","Floral Georgette Midi Dress",899,1799,900,4,2,2,"https://www.myntra.com/dresses/wisstler/wisstler-black--pink-floral-puff-sleeves-georgette-midi-dress/18091474/buy",https://www.myntra.com/dresses/wisstler/wisstler-black--pink-floral-puff-sleeves-georgette-midi-dress/18091474/buy,"",
myntra,147,"BAESD","Floral PrintMidi Dress",499,1999,75,3.6,837,837,"https://www.myntra.com/dresses/baesd/baesd-floral-print-fit--flare-cotton-midi-dress/30559077/buy",https://www.myntra.com/dresses/baesd/baesd-floral-print-fit--flare-cotton-midi-dress/30559077/buy,"",
myntra,148,"Qurvii","A-Line Dress",1293,2695,52,,,,"https://www.myntra.com/dresses/qurvii/qurvii-a-line-dress/36396387/buy",https://www.myntra.com/dresses/qurvii/qurvii-a-line-dress/36396387/buy,"",
myntra,149,"Azira","Embroidered Tiered Dress",1099,2999,1900,4.4,947,947,"https://www.myntra.com/dresses/azira/azira-floral-embroidered--v-neck-bell-sleeves-empire-fit--flare-tiered-dress/27443684/buy",https://www.myntra.com/dresses/azira/azira-floral-embroidered--v-neck-bell-sleeves-empire-fit--flare-tiered-dress/27443684/buy,"",
myntra,150,"Toonyport","Floral Print Fit & Flare Dress",448,1289,841,4.2,63,63,"https://www.myntra.com/dresses/toonyport/toonyport-kids-girls-floral-print-fit--flare-dress-pack-of-3/34288148/buy",https://www.myntra.com/dresses/toonyport/toonyport-kids-girls-floral-print-fit--flare-dress-pack-of-3/34288148/buy,"",
ajio,1,"Casio","Men D011 Vintage A158WA-1DF Black Digital Dial Silver Stainless Steel Band",1706,1895,10,4.1,3,3,"https://www.ajio.com/casio-men-d011-vintage-a158wa-1df-black-digital-dial-silver-stainless-steel-band/p/460812866_black?",https://www.ajio.com/casio-men-d011-vintage-a158wa-1df-black-digital-dial-silver-stainless-steel-band/p/460812866_black?,"https://assets-jiocdn.ajio.com/medias/sys_master/root/20210128/KK9X/6011b97baeb269698157f08e/casio_silver-toned_men_d011_vintage_a158wa-1df_black_digital_dial_silver_stainless_steel_band.jpg",₹1,535
ajio,2,"TITAN","Men Edge Baseline Water-Resistant Analogue Watch-NT1843QM02",18092,20795,13,4.5,2,2,"https://www.ajio.com/titan-men-edge-baseline-water-resistant-analogue-watch-nt1843qm02/p/4934157800_multi?",https://www.ajio.com/titan-men-edge-baseline-water-resistant-analogue-watch-nt1843qm02/p/4934157800_multi?,"https://assets-jiocdn.ajio.com/medias/sys_master/root/20250418/lvbC/680232ca7a6cd4182fdd3bff/titan_brown_men_edge_baseline_water-resistant_analogue_watch-nt1843qm02.jpg",₹16,283
ajio,3,"Roderico Giuliani Geneve","RG-MSTC71000001 Stainless Steel Chronograph Watch",5379,14999,64,3.8,31,31,"https://www.ajio.com/roderico-giuliani-geneve-rg-mstc71000001-stainless-steel-chronograph-watch/p/466219172_silver?",https://www.ajio.com/roderico-giuliani-geneve-rg-mstc71000001-stainless-steel-chronograph-watch/p/466219172_silver?,"https://assets-jiocdn.ajio.com/medias/sys_master/root/20230530/ZOM3/64762537d55b7d0c632a1a35/roderico_giuliani_geneve_silver_rg-mstc71000001_stainless_steel_chronograph_watch.jpg",₹4,841
ajio,4,"TREX","Men Stainless Steel Analogue Watch",450,1499,70,,,,"https://www.ajio.com/trex-men-stainless-steel-analogue-watch/p/702059242_silver?",https://www.ajio.com/trex-men-stainless-steel-analogue-watch/p/702059242_silver?,"https://assets-jiocdn.ajio.com/medias/sys_master/root1/20250804/f2qg/6890a0d18bfb9009ac5b1988/trex_silver_men_stainless_steel_analogue_watch.jpg",
ajio,5,"TREX","Men Stainless Steel Analogue Watch",450,1499,70,,,,"https://www.ajio.com/trex-men-stainless-steel-analogue-watch/p/702059330_silver?",https://www.ajio.com/trex-men-stainless-steel-analogue-watch/p/702059330_silver?,"https://assets-jiocdn.ajio.com/medias/sys_master/root1/20250804/8lRn/6890adb63d468c61ab45747e/trex_silver_men_stainless_steel_analogue_watch.jpg",
ajio,6,"Citizen","Men Automatic 40 mm Size White Dial Analogue Watch - NH913017A",33210,36900,10,,,,"https://www.ajio.com/citizen-men-automatic-40-mm-size-white-dial-analogue-watch--nh913017a/p/700334602_brown?",https://www.ajio.com/citizen-men-automatic-40-mm-size-white-dial-analogue-watch--nh913017a/p/700334602_brown?,"https://assets-jiocdn.ajio.com/medias/sys_master/root/20250404/6MKg/67efe90355340d4b4fb1f515/citizen_white_men_automatic_40_mm_size_white_dial_analogue_watch_-_nh913017a.jpg",₹29,889
ajio,7,"DANIEL HECHTER","Men Analogue Watch with Tang Buckle",2699,5450,50,3.7,14,14,"https://www.ajio.com/daniel-hechter-men-analogue-watch-with-tang-buckle/p/701402049_green?",https://www.ajio.com/daniel-hechter-men-analogue-watch-with-tang-buckle/p/701402049_green?,"https://assets-jiocdn.ajio.com/medias/sys_master/root/20250514/3E12/682467fc7a6cd4182f2ef620/daniel_hechter_green_men_analogue_watch_with_tang_buckle.jpg",₹2,549
ajio,8,"DANIEL HECHTER","Men Analogue Watch with Tang Buckle",2499,4950,50,,,,"https://www.ajio.com/daniel-hechter-men-analogue-watch-with-tang-buckle/p/701402053_black?",https://www.ajio.com/daniel-hechter-men-analogue-watch-with-tang-buckle/p/701402053_black?,"https://assets-jiocdn.ajio.com/medias/sys_master/root/20250514/qmqU/682464b97a6cd4182f2ee256/daniel_hechter_black_men_analogue_watch_with_tang_buckle.jpg",₹2,349
ajio,9,"Citizen","Men Quartz 40 mm Size Black Dial Watch - BI512751H",11610,12900,10,5,2,2,"https://www.ajio.com/citizen-men-quartz-40-mm-size-black-dial-watch--bi512751h/p/700250219_black?",https://www.ajio.com/citizen-men-quartz-40-mm-size-black-dial-watch--bi512751h/p/700250219_black?,"https://assets-jiocdn.ajio.com/medias/sys_master/root/20250404/Fw05/67efe8f755340d4b4fb1f2dd/citizen_black_men_quartz_40_mm_size_black_dial_watch_-_bi512751h.jpg",₹10,610
ajio,10,"Zeppelin","Men 100 Years Zeppelin ED. 1 Watch - 76803",27750,37000,25,,,,"https://www.ajio.com/zeppelin-men-100-years-zeppelin-ed-1-watch--76803/p/463586753_black?",https://www.ajio.com/zeppelin-men-100-years-zeppelin-ed-1-watch--76803/p/463586753_black?,"https://assets-jiocdn.ajio.com/medias/sys_master/root/20240410/fkUr/6616416416fd2c6e6aa86173/zeppelin_black_men_100_years_zeppelin_ed._1_watch_-_76803.jpg",₹26,750
ajio,11,"GUESS","Men Analogue Watch - GW0265G2",10397,15995,35,4.5,8,8,"https://www.ajio.com/guess-men-analogue-watch--gw0265g2/p/700772390_gold?",https://www.ajio.com/guess-men-analogue-watch--gw0265g2/p/700772390_gold?,"https://assets-jiocdn.ajio.com/medias/sys_master/root/20241118/f8eG/673b6e570f47f80c879416dd/guess_gold_men_analogue_watch_-_gw0265g2.jpg",₹9,397
ajio,12,"Citizen","Men Automatic 40 mm Size Blue Dial TSUYOSA Collection Watch - NJ015188L",35010,38900,10,3,2,2,"https://www.ajio.com/citizen-men-automatic-40-mm-size-blue-dial-tsuyosa-collection-watch--nj015188l/p/700250128_silver?",https://www.ajio.com/citizen-men-automatic-40-mm-size-blue-dial-tsuyosa-collection-watch--nj015188l/p/700250128_silver?,"https://assets-jiocdn.ajio.com/medias/sys_master/root/20250404/bh4s/67efe91655340d4b4fb1f84a/citizen_blue_men_automatic_40_mm_size_blue_dial_tsuyosa_collection_watch_-_nj015188l.jpg",₹31,509
ajio,13,"French Accent","Men Analogue Watch",549,1098,50,2.5,2,2,"https://www.ajio.com/french-accent-men-analogue-watch/p/701161192_white?",https://www.ajio.com/french-accent-men-analogue-watch/p/701161192_white?,"https://assets-jiocdn.ajio.com/medias/sys_master/root/20250204/QwJM/67a1dc942960820c495d6121/french_accent_white_men_analogue_watch.jpg",₹508
ajio,14,"Casio","A1361 Enticer Men (MTP-VD01D-1BVUDF) Analog Wrist Watch",2696,2995,10,4.5,399,399,"https://www.ajio.com/casio-a1361-enticer-men-mtp-vd01d-1bvudf-analog-wrist-watch/p/460812859_black?",https://www.ajio.com/casio-a1361-enticer-men-mtp-vd01d-1bvudf-analog-wrist-watch/p/460812859_black?,"https://assets-jiocdn.ajio.com/medias/sys_master/root/20221221/ptfA/63a32c38aeb269659cffe989/casio_black_a1361_enticer_men_%28mtp-vd01d-1bvudf%29_analog_wrist_watch.jpg",₹2,426
ajio,15,"Citizen","Men Automatic TSUYOSA 60 Small Second 40 mm Blue Dial Watch - NK501051L",42210,46900,10,,,,"https://www.ajio.com/citizen-men-automatic-tsuyosa-60-small-second-40-mm-blue-dial-watch--nk501051l/p/701146356_silver?",https://www.ajio.com/citizen-men-automatic-tsuyosa-60-small-second-40-mm-blue-dial-watch--nk501051l/p/701146356_silver?,"https://assets-jiocdn.ajio.com/medias/sys_master/root/20250404/e6Tu/67efe93a55340d4b4fb1fd74/citizen_blue_men_automatic_tsuyosa_60_small_second_40_mm_blue_dial_watch_-_nk501051l.jpg",₹37,989
ajio,16,"Maserati","R8873618023 Analogue Watch",24375,37500,35,3.7,3,3,"https://www.ajio.com/maserati-r8873618023-analogue-watch/p/465137367_gold?",https://www.ajio.com/maserati-r8873618023-analogue-watch/p/465137367_gold?,"https://assets-jiocdn.ajio.com/medias/sys_master/root/20250605/VvhR/6841763b55340d4b4f87f584/maserati_black_r8873618023_analogue_watch.jpg",₹23,375
ajio,17,"CIGA Design","Men Analogue Watch",97200,108000,10,,,,"https://www.ajio.com/ciga-design-men-analogue-watch/p/701381899_blue?",https://www.ajio.com/ciga-design-men-analogue-watch/p/701381899_blue?,"https://assets-jiocdn.ajio.com/medias/sys_master/root/20250703/yFGy/68663518b13fc54eddf0ef03/ciga_design_blue_%26_silver_men_analogue_watch.jpg",₹87,480
ajio,18,"Kenneth Cole Reaction","KRWGP2191703 Reaction Kenneth Cole Analogue-Digital Watch for Men",4941,9499,48,,,,"https://www.ajio.com/kenneth-cole-reaction-krwgp2191703-reaction-kenneth-cole-analogue-digital-watch-for-men/p/469164035_blue?",https://www.ajio.com/kenneth-cole-reaction-krwgp2191703-reaction-kenneth-cole-analogue-digital-watch-for-men/p/469164035_blue?,"https://assets-jiocdn.ajio.com/medias/sys_master/root/20220315/dmKN/622f9b99aeb26921afd7d2aa/kenneth_cole_reaction_black_krwgp2191703_reaction_kenneth_cole_analogue-digital_watch_for_men.jpg",₹4,791
ajio,19,"DANIEL HECHTER","Men Analogue Watch with Silicone Strap - DHM1010",3495,5950,41,,,,"https://www.ajio.com/daniel-hechter-men-analogue-watch-with-silicone-strap--dhm1010/p/701432765_black?",https://www.ajio.com/daniel-hechter-men-analogue-watch-with-silicone-strap--dhm1010/p/701432765_black?,"",₹3,345
ajio,20,"Skylona","skm 9180 Analogue Watch with Deployant Clasp",400,1599,75,3.3,1.9,1.9,"https://www.ajio.com/skylona-skm-9180-analogue-watch-with-deployant-clasp-/p/466296274_black?",https://www.ajio.com/skylona-skm-9180-analogue-watch-with-deployant-clasp-/p/466296274_black?,"",₹370
ajio,21,"Kenneth Cole Reaction","KRWGP2192103 Reaction Kenneth Cole Analogue-Digital Watch for Men",5214,9999,48,4.3,4,4,"https://www.ajio.com/kenneth-cole-reaction-krwgp2192103-reaction-kenneth-cole-analogue-digital-watch-for-men/p/469164065_blackorange?",https://www.ajio.com/kenneth-cole-reaction-krwgp2192103-reaction-kenneth-cole-analogue-digital-watch-for-men/p/469164065_blackorange?,"",₹5,064
ajio,22,"French Accent","Men Analogue Watch with Leather Strap-SS25-FAWC1066",679,1358,50,2.7,3,3,"https://www.ajio.com/french-accent-men-analogue-watch-with-leather-strap-ss25-fawc1066/p/701264009_brown?",https://www.ajio.com/french-accent-men-analogue-watch-with-leather-strap-ss25-fawc1066/p/701264009_brown?,"",₹628
ajio,23,"Casio","Men G661 G-Shock Mudmaster GG-1000-1A5DR Black Analog-Digital Dial Brown Resin Strap Watch",19995,,,4.3,25,25,"https://www.ajio.com/casio-men-g661-g-shock-mudmaster-gg-1000-1a5dr-black-analog-digital-dial-brown-resin-strap-watch/p/460901202_black?",https://www.ajio.com/casio-men-g661-g-shock-mudmaster-gg-1000-1a5dr-black-analog-digital-dial-brown-resin-strap-watch/p/460901202_black?,"",₹17,996
ajio,24,"Kenneth Cole Reaction","KRWGP2191704 Water-Resistant Analogue-Digital Watch",4844,10750,55,3.1,7,7,"https://www.ajio.com/kenneth-cole-reaction-krwgp2191704-water-resistant-analogue-digital-watch/p/469323595_black?",https://www.ajio.com/kenneth-cole-reaction-krwgp2191704-water-resistant-analogue-digital-watch/p/469323595_black?,"",₹4,694
ajio,25,"Casio","A1362 Enticer Men (MTP-VD01D-1EVUDF) Analog Wrist Watch",2696,2995,10,4.3,260,260,"https://www.ajio.com/casio-a1362-enticer-men-mtp-vd01d-1evudf-analog-wrist-watch/p/460812875_black?",https://www.ajio.com/casio-a1362-enticer-men-mtp-vd01d-1evudf-analog-wrist-watch/p/460812875_black?,"",₹2,426
ajio,26,"TITAN","Men Water-Resistant Analogue Watch-NT90110WL02",15396,19995,23,,,,"https://www.ajio.com/titan-men-water-resistant-analogue-watch-nt90110wl02/p/4933800420_multi?",https://www.ajio.com/titan-men-water-resistant-analogue-watch-nt90110wl02/p/4933800420_multi?,"",₹13,856
ajio,27,"Kenneth Cole Reaction","KRWGP9006701 Water-Resistant Analogue-Digital Watch",5927,11475,48,4.2,10,10,"https://www.ajio.com/kenneth-cole-reaction-krwgp9006701-water-resistant-analogue-digital-watch/p/469323587_black?",https://www.ajio.com/kenneth-cole-reaction-krwgp9006701-water-resistant-analogue-digital-watch/p/469323587_black?,"",₹5,777
ajio,28,"Casio","Men D182 Vintage A168WGG-1BDF Black Digital Dial Black Stainless Steel Band",4909,5295,7,4.2,231,231,"https://www.ajio.com/casio-men-d182-vintage-a168wgg-1bdf-black-digital-dial-black-stainless-steel-band/p/460812968_black?",https://www.ajio.com/casio-men-d182-vintage-a168wgg-1bdf-black-digital-dial-black-stainless-steel-band/p/460812968_black?,"",₹4,418
ajio,29,"GUESS","Water-Resistant Chronograph Watch-U0864G2M",9452,14495,35,5,9,9,"https://www.ajio.com/guess-water-resistant-chronograph-watch-u0864g2m/p/466510425_black?",https://www.ajio.com/guess-water-resistant-chronograph-watch-u0864g2m/p/466510425_black?,"",₹8,507
ajio,30,"Kenneth Cole Reaction","KRWGO9007003 Water-Resistant Chronograph Watch",5233,10750,51,5,5,5,"https://www.ajio.com/kenneth-cole-reaction-krwgo9007003-water-resistant-chronograph-watch/p/469323667_black?",https://www.ajio.com/kenneth-cole-reaction-krwgo9007003-water-resistant-chronograph-watch/p/469323667_black?,"",₹5,083
ajio,31,"GUESS","GW0786G1 Chronograph Watch with Tang Buckle Closure",15033,18995,21,5,2,2,"https://www.ajio.com/guess-gw0786g1-chronograph-watch-with-tang-buckle-closure/p/700503920_black?",https://www.ajio.com/guess-gw0786g1-chronograph-watch-with-tang-buckle-closure/p/700503920_black?,"",₹14,033
ajio,32,"GUESS","Water-Resistant Chronograph Watch-GW0703G4",15033,18995,21,,,,"https://www.ajio.com/guess-water-resistant-chronograph-watch-gw0703g4/p/467176239_silver?",https://www.ajio.com/guess-water-resistant-chronograph-watch-gw0703g4/p/467176239_silver?,"",₹14,033
ajio,33,"Swiss Military Hanowa","Black Dial Men Watch",29050,35000,17,,,,"https://www.ajio.com/swiss-military-hanowa-black-dial-men-watch/p/701146116_silver?",https://www.ajio.com/swiss-military-hanowa-black-dial-men-watch/p/701146116_silver?,"",₹28,900
ajio,34,"CIGA Design","X051-BB01-W5B Men Square Shaped Analogue Watch",19800,22000,10,,,,"https://www.ajio.com/ciga-design-x051-bb01-w5b-men-square-shaped-analogue-watch/p/700554526_black?",https://www.ajio.com/ciga-design-x051-bb01-w5b-men-square-shaped-analogue-watch/p/700554526_black?,"",₹17,820
ajio,35,"Casio","Men D124 Vintage LA670WGA-1DF Black Digital Dial Gold Stainless Steel Band",3633,3995,9,4.5,316,316,"https://www.ajio.com/casio-men-d124-vintage-la670wga-1df-black-digital-dial-gold-stainless-steel-band/p/469005993_gold?",https://www.ajio.com/casio-men-d124-vintage-la670wga-1df-black-digital-dial-gold-stainless-steel-band/p/469005993_gold?,"",₹3,270
ajio,36,"Swiss Military Hanowa","Men Analogue Watch",31585,45775,31,,,,"https://www.ajio.com/swiss-military-hanowa-men-analogue-watch/p/701145616_black?",https://www.ajio.com/swiss-military-hanowa-men-analogue-watch/p/701145616_black?,"",₹31,435
ajio,37,"TITAN","Men Stellar Luna Aventurine Automatic Watch - 10011KM02",34646,44995,23,,,,"https://www.ajio.com/titan-men-stellar-luna-aventurine-automatic-watch--10011km02/p/4935098220_multi?",https://www.ajio.com/titan-men-stellar-luna-aventurine-automatic-watch--10011km02/p/4935098220_multi?,"",₹31,181
ajio,38,"Casio","Men ED655 Edifice Analogue Watch with Stainless Steel Strap-EFR-575D-1ADF",8530,8995,5,,,,"https://www.ajio.com/casio-men-ed655-edifice-analogue-watch-with-stainless-steel-strap-efr-575d-1adf/p/4934856070_multi?",https://www.ajio.com/casio-men-ed655-edifice-analogue-watch-with-stainless-steel-strap-efr-575d-1adf/p/4934856070_multi?,"",₹7,677
ajio,39,"Swiss Military Hanowa","Men Analogue Watch",33051,47900,31,,,,"https://www.ajio.com/swiss-military-hanowa-men-analogue-watch--/p/701137517_black?",https://www.ajio.com/swiss-military-hanowa-men-analogue-watch--/p/701137517_black?,"",₹32,901
ajio,40,"TITAN","Men Water-Resistant Chronograph Watch-NT1805QM04",6008,7795,23,3.2,5,5,"https://www.ajio.com/titan-men-water-resistant-chronograph-watch-nt1805qm04/p/4934156960_multi?",https://www.ajio.com/titan-men-water-resistant-chronograph-watch-nt1805qm04/p/4934156960_multi?,"",₹5,407
ajio,41,"Casio","D123 Vintage Unisex (LA670WD-1DF) Digital Wrist Watch",2696,2995,10,3.6,105,105,"https://www.ajio.com/casio-d123-vintage-unisex-la670wd-1df-digital-wrist-watch/p/460813080_black?",https://www.ajio.com/casio-d123-vintage-unisex-la670wd-1df-digital-wrist-watch/p/460813080_black?,"",₹2,426
ajio,42,"Swiss Military Hanowa","Analog Black Dial Men Watch",18550,26500,30,,,,"https://www.ajio.com/swiss-military-hanowa-analog-black-dial-men-watch/p/701146154_silver?",https://www.ajio.com/swiss-military-hanowa-analog-black-dial-men-watch/p/701146154_silver?,"",₹18,400
ajio,43,"DANIEL HECHTER","Men Analogue Watch",2699,5450,50,3,2,2,"https://www.ajio.com/daniel-hechter-men-analogue-watch/p/701398394_brown?",https://www.ajio.com/daniel-hechter-men-analogue-watch/p/701398394_brown?,"",₹2,549
ajio,44,"CIGA Design","Mechanical Watch Series Z Edge",29700,33000,10,,,,"https://www.ajio.com/ciga-design-mechanical-watch-series-z-edge/p/701207350_black?",https://www.ajio.com/ciga-design-mechanical-watch-series-z-edge/p/701207350_black?,"",₹26,730
ajio,45,"Swiss Military Hanowa","Men SMWGH0001760 Analogue Wrist Watch with Deployant Clasp",28799,39999,28,,,,"https://www.ajio.com/swiss-military-hanowa-men-smwgh0001760-analogue-wrist-watch-with-deployant-clasp/p/701129007_silver?",https://www.ajio.com/swiss-military-hanowa-men-smwgh0001760-analogue-wrist-watch-with-deployant-clasp/p/701129007_silver?,"",₹28,649
